#pragma once

#include <stdint.h>

// Startup flyby sprites, one pixel per LED. Sources live in assets/.
namespace card {

struct AircraftSprite {
  const uint16_t *pixels;
  uint8_t width;
  uint8_t height;
};

constexpr uint16_t kSpriteJet[2048] = {
    0x0000, 0x0000, 0x0000, 0x0000, 0x0000, 0x0000, 0x0000, 0x0000, 0x0000, 0x0000, 0x0000, 0x0000, 0x0000, 0x0000, 0x0000, 0x0000,
    0x0000, 0x0000, 0x0000, 0x0000, 0x0000, 0x0000, 0x0000, 0x0000, 0x0000, 0x0000, 0x0000, 0x0000, 0x0000, 0x0000, 0x0000, 0x0000,
    0x0000, 0x0000, 0x0000, 0x0000, 0x0000, 0x0000, 0x0000, 0x0000, 0x0000, 0x0000, 0x0000, 0x0000, 0x0000, 0x0000, 0x0000, 0x0000,
    0x0000, 0x0000, 0x0000, 0x0000, 0x0000, 0x0000, 0x0000, 0x0000, 0x0000, 0x0000, 0x0000, 0x0000, 0x0000, 0x0000, 0x0000, 0x0000,
    0x0000, 0x0000, 0x0000, 0x0000, 0x0000, 0x0000, 0x0000, 0x0000, 0x0000, 0x0000, 0x0000, 0x0000, 0x0000, 0x0000, 0x0000, 0x0000,
    0x0000, 0x0000, 0x0000, 0x0000, 0x0000, 0x0000, 0x0000, 0x0000, 0x0000, 0x0000, 0x0000, 0x0000, 0x0000, 0x0000, 0x0000, 0x0000,
    0x0000, 0x0000, 0x0000, 0x0000, 0x0000, 0x0000, 0x0000, 0x0000, 0x0000, 0x0000, 0x0000, 0x0000, 0x0000, 0x0000, 0x0000, 0x0000,
    0x0000, 0x0000, 0x0000, 0x0000, 0x0000, 0x0000, 0x0000, 0x0000, 0x0000, 0x0000, 0x0000, 0x0000, 0x0000, 0x0000, 0x0000, 0x0000,
    0x0000, 0x0000, 0x0000, 0x0000, 0x0000, 0x0000, 0x0000, 0x0000, 0x0000, 0x0000, 0x0000, 0x0000, 0x0000, 0x0000, 0x0000, 0x0000,
    0x0000, 0x0000, 0x0000, 0x0000, 0x0000, 0x0000, 0x0000, 0x0000, 0x0000, 0x0000, 0x0000, 0x0000, 0x0000, 0x0000, 0x0000, 0x0000,
    0x0000, 0x0000, 0x0000, 0x0000, 0x0000, 0x0000, 0x0000, 0x0000, 0x0000, 0x0000, 0x0000, 0x0000, 0x0000, 0x0000, 0x0000, 0x0000,
    0x0000, 0x0000, 0x0000, 0x0000, 0x0000, 0x0000, 0x0000, 0x0000, 0x0000, 0x0000, 0x0000, 0x0000, 0x0000, 0x0000, 0x0000, 0x0000,
    0x0000, 0x0000, 0x0000, 0x0000, 0x0000, 0x0000, 0x0000, 0x0000, 0x0000, 0x0000, 0x0000, 0x0000, 0x0000, 0x0000, 0x0000, 0x0000,
    0x0000, 0x0000, 0x0000, 0x0000, 0x0000, 0x0000, 0x0000, 0x0000, 0x0000, 0x0000, 0x0000, 0x0000, 0x0000, 0x0000, 0x0000, 0x0000,
    0x0000, 0x0000, 0x0000, 0x0000, 0x0000, 0x0000, 0x0000, 0x0000, 0x0000, 0x0000, 0x0000, 0x0000, 0x0000, 0x0000, 0x0000, 0x0000,
    0x0000, 0x0000, 0x0000, 0x0000, 0x0000, 0x0000, 0x0000, 0x0000, 0x0000, 0x0000, 0x0000, 0x0000, 0x0000, 0x0000, 0x0000, 0x0000,
    0x0000, 0x0000, 0x0000, 0x0000, 0x0000, 0x0000, 0x0000, 0x0000, 0x0000, 0x0000, 0x0000, 0x0000, 0x0000, 0x0000, 0x0000, 0x0000,
    0x0000, 0x0000, 0x0000, 0x0000, 0x0000, 0x0000, 0x0000, 0x0000, 0x0000, 0x0000, 0x0000, 0x0000, 0x0000, 0x0000, 0x0000, 0x0000,
    0x0000, 0x0000, 0x0000, 0x0000, 0x0000, 0x0000, 0x0000, 0x0000, 0x0000, 0x0000, 0x0000, 0x0000, 0x0000, 0x0000, 0x0000, 0x0000,
    0x0000, 0x0000, 0x0000, 0x0000, 0x0000, 0x0000, 0x0000, 0x0000, 0x0000, 0x0000, 0x0000, 0x0000, 0x0000, 0x0000, 0x0000, 0x0000,
    0x0000, 0x0000, 0x0000, 0x0000, 0x0000, 0x0000, 0x0000, 0x0000, 0x0000, 0x0000, 0x0000, 0x0000, 0x0000, 0x0000, 0x0000, 0x0000,
    0x0000, 0x0000, 0x0000, 0x0000, 0x0000, 0x0000, 0x0000, 0x0000, 0x0000, 0x0000, 0x0000, 0x0000, 0x0000, 0x0000, 0x0000, 0x0000,
    0x0000, 0x0000, 0x0000, 0x0000, 0x0000, 0x0000, 0x0000, 0x0000, 0x0000, 0x0000, 0x0000, 0x0000, 0x0000, 0x0000, 0x0000, 0x0000,
    0x0000, 0x0000, 0x0000, 0x0000, 0x0000, 0x0000, 0x0000, 0x0000, 0x0000, 0x0000, 0x0000, 0x0000, 0x0000, 0x0000, 0x0000, 0x0000,
    0x0000, 0x0000, 0x0000, 0x0000, 0x0000, 0x0000, 0x0000, 0x0000, 0x0000, 0x0000, 0x0000, 0x0000, 0x0000, 0x0000, 0x0000, 0x0000,
    0x0000, 0x0000, 0x0000, 0x0000, 0x0000, 0x0000, 0x0000, 0x0000, 0x0000, 0x0000, 0x0000, 0x0000, 0x0000, 0x0000, 0x0000, 0x0000,
    0x0000, 0x0000, 0x0000, 0x0000, 0x0000, 0x0000, 0x0000, 0x0000, 0x0000, 0x0000, 0x0000, 0x0000, 0x0000, 0x0000, 0x0000, 0x0000,
    0x0000, 0x0000, 0x0000, 0x0000, 0x0000, 0x0000, 0x0000, 0x0000, 0x0000, 0x0000, 0x0000, 0x0000, 0x0000, 0x0000, 0x0000, 0x0000,
    0x0000, 0x0000, 0x0000, 0x0000, 0x0000, 0x0000, 0x0000, 0x0000, 0x0000, 0x0000, 0x0000, 0x0000, 0x0000, 0x0000, 0x0000, 0x0000,
    0x0000, 0x0000, 0x0000, 0x0000, 0x0000, 0x0000, 0x0000, 0x0000, 0x0000, 0x0000, 0x0000, 0x0000, 0x0000, 0x0000, 0x0000, 0x0000,
    0x0000, 0x0000, 0x0000, 0x0000, 0x0000, 0x0000, 0x0000, 0x0000, 0x0000, 0x0000, 0x0000, 0x0000, 0x0000, 0x0000, 0x0000, 0x0000,
    0x0000, 0x0000, 0x0000, 0x0000, 0x0000, 0x0000, 0x0000, 0x0000, 0x0000, 0x0000, 0x0000, 0x0000, 0x0000, 0x0000, 0x0000, 0x0000,
    0x0000, 0x0000, 0x0000, 0x0000, 0x0000, 0x0000, 0x0000, 0x0000, 0x0000, 0x0000, 0x0000, 0x0000, 0x0000, 0x0000, 0x0000, 0x0000,
    0x0000, 0x0000, 0x0000, 0x0000, 0x0000, 0x0000, 0x0000, 0x0000, 0x0000, 0x0000, 0x0000, 0x0000, 0x0000, 0x0000, 0x0000, 0x0000,
    0x0000, 0x0000, 0x0000, 0x0000, 0x0000, 0x0000, 0x0000, 0x0000, 0x0000, 0x0000, 0x0000, 0x0000, 0x0000, 0x0000, 0x0000, 0x0000,
    0x0000, 0x0000, 0x0000, 0x0000, 0x0000, 0x0000, 0x0000, 0x0000, 0x0000, 0x0000, 0x0000, 0x0000, 0x0000, 0x0000, 0x0000, 0x0000,
    0x0000, 0x0000, 0x0000, 0x0000, 0x0000, 0x0000, 0x0000, 0x0000, 0x0000, 0x0000, 0x0000, 0x0000, 0x0000, 0x0000, 0x0000, 0x0000,
    0x0000, 0x0000, 0x0000, 0x0000, 0x0000, 0x0000, 0x0000, 0x0000, 0x0000, 0x0000, 0x0000, 0x0000, 0x0000, 0x0000, 0x0000, 0x0000,
    0x0000, 0x52AA, 0xA53B, 0xAD5C, 0x6312, 0x000B, 0x0000, 0x0000, 0x0000, 0x0000, 0x0000, 0x0000, 0x0000, 0x0000, 0x0000, 0x0000,
    0x0000, 0x0000, 0x0000, 0x0000, 0x0000, 0x0000, 0x0000, 0x0000, 0x0000, 0x0000, 0x0000, 0x0000, 0x0000, 0x0000, 0x0000, 0x0000,
    0x0000, 0x0000, 0x0000, 0x0000, 0x0000, 0x0000, 0x0000, 0x0000, 0x0000, 0x0000, 0x0000, 0x0000, 0x0000, 0x0000, 0x0000, 0x0000,
    0x0000, 0x0000, 0x0000, 0x0000, 0x0000, 0x0000, 0x0000, 0x0000, 0x0000, 0x0000, 0x000E, 0x0015, 0x0014, 0x0005, 0x0000, 0x0000,
    0x0000, 0x94B7, 0x5C1F, 0x2A99, 0x198D, 0x0000, 0x0000, 0x0000, 0x0000, 0x0000, 0x0000, 0x0000, 0x0000, 0x0000, 0x0000, 0x0000,
    0x0000, 0x0000, 0x0000, 0x0000, 0x0000, 0x0000, 0x0000, 0x0000, 0x0000, 0x0000, 0x0000, 0x0000, 0x0000, 0x0000, 0x0000, 0x0000,
    0x0000, 0x0000, 0x0000, 0x0000, 0x0000, 0x0000, 0x0000, 0x0000, 0x0000, 0x0000, 0x0000, 0x0000, 0x0000, 0x0000, 0x0000, 0x0000,
    0x0000, 0x0000, 0x0000, 0x0000, 0x0000, 0x0000, 0x0000, 0x0000, 0x73B1, 0x6B90, 0x73B1, 0x73B1, 0x73B1, 0x6370, 0x5AEF, 0x2146,
    0x94D5, 0x63DE, 0x323B, 0x5B15, 0x31AC, 0x0000, 0x73B1, 0xA53C, 0xA53B, 0xA51A, 0x0000, 0x0001, 0x0008, 0x0008, 0x000B, 0x000D,
    0x000F, 0x0012, 0x0034, 0x0074, 0x0115, 0x00D4, 0x00B5, 0x0032, 0x000D, 0x000A, 0x0008, 0x0008, 0x0005, 0x0000, 0x0000, 0x0000,
    0x0000, 0x0000, 0x0000, 0x0000, 0x0000, 0x0000, 0x0000, 0x0000, 0x0000, 0x0000, 0x0000, 0x0000, 0x0000, 0x0000, 0x0000, 0x0000,
    0x0000, 0x0000, 0x0000, 0x0000, 0x0000, 0x0000, 0x0000, 0x0000, 0x0000, 0x0000, 0x0000, 0x0000, 0x0000, 0x0000, 0x0000, 0x94D5,
    0x745E, 0x1A5E, 0x4AB3, 0x6BB3, 0x10A4, 0x7BF2, 0x7C5E, 0x02BD, 0x031C, 0x1250, 0x0009, 0x0053, 0x00F4, 0x0115, 0x00F5, 0x00B4,
    0x0054, 0x0032, 0x000C, 0x0008, 0x0006, 0x0000, 0x0000, 0x0000, 0x0000, 0x0000, 0x0000, 0x0000, 0x0000, 0x0000, 0x0000, 0x0000,
    0x0000, 0x0000, 0x0000, 0x0000, 0x0000, 0x0000, 0x0000, 0x0000, 0x0000, 0x0000, 0x0000, 0x0000, 0x0000, 0x01C8, 0x03D1, 0x0598,
    0x0434, 0x02D0, 0x0431, 0x024E, 0x014A, 0x0000, 0x0000, 0x0000, 0x0000, 0x0000, 0x0000, 0x18E7, 0x3A0D, 0x6B6F, 0xAD56, 0x7D3E,
    0x437C, 0x6396, 0x5B32, 0x5B10, 0x8C53, 0x7C3E, 0x21FC, 0x3A17, 0x52F4, 0x0000, 0x0004, 0x002B, 0x008D, 0x00AD, 0x008E, 0x006D,
    0x002D, 0x000C, 0x0008, 0x0005, 0x0004, 0x0000, 0x0000, 0x0000, 0x0000, 0x0000, 0x0000, 0x0000, 0x0000, 0x0000, 0x0000, 0x0000,
    0x0000, 0x0000, 0x0000, 0x0000, 0x0000, 0x0000, 0x0000, 0x0000, 0x0000, 0x0000, 0x0000, 0x0000, 0x0249, 0x7472, 0x1536, 0x136F,
    0x0188, 0x2946, 0x02EC, 0x1A8C, 0x7494, 0x9D56, 0xAD55, 0xB596, 0xA514, 0x5ACB, 0x4229, 0x7BF1, 0x632C, 0xBDD7, 0xAD79, 0x63F7,
    0x5B74, 0x4AB0, 0x426F, 0x9CF4, 0x94F8, 0x4AF6, 0x3231, 0x6352, 0x52CD, 0x0002, 0x2007, 0x600A, 0x0008, 0x0009, 0x000C, 0x000F,
    0x0012, 0x0055, 0x00B6, 0x00D6, 0x0157, 0x00D6, 0x0056, 0x0014, 0x0012, 0x000F, 0x000D, 0x000A, 0x0009, 0x0009, 0x0005, 0x0000,
    0x0000, 0x0000, 0x0000, 0x0000, 0x0000, 0x0000, 0x0000, 0x0000, 0x4A4A, 0x9CD3, 0xAD75, 0xBDF7, 0x4BF3, 0x01A7, 0x1083, 0x31C8,
    0x7BF1, 0x94B3, 0x94B5, 0xAD77, 0xB5FA, 0xB5B9, 0xAD78, 0xAD98, 0xB5D9, 0xBDFA, 0xBE19, 0xB5B8, 0xC639, 0xC63A, 0x8CB6, 0xA557,
    0x94B5, 0x31ED, 0x9CF4, 0x9CF6, 0x4AB0, 0x3A2E, 0x4AB0, 0x6352, 0x80A1, 0xCBE0, 0xE460, 0xE380, 0xE200, 0xC901, 0xB022, 0xA001,
    0x9802, 0x8008, 0x680B, 0x500C, 0x400C, 0x200B, 0x0808, 0x0006, 0x0004, 0x0000, 0x0000, 0x0000, 0x0000, 0x0000, 0x0000, 0x0000,
    0x0000, 0x0000, 0x0000, 0x0000, 0x31A6, 0x8410, 0xC618, 0xDEFB, 0xD6BB, 0xB5B8, 0xDEFC, 0xD6BB, 0xBDF8, 0xB596, 0xB596, 0xB596,
    0xAD97, 0xBE1A, 0x6C78, 0x4AF6, 0x52F3, 0x5B34, 0x6354, 0x9D39, 0xE73D, 0xE71C, 0x8CDC, 0x3238, 0x325A, 0x325A, 0x3A99, 0x5B3A,
    0x955C, 0xC63A, 0x94D6, 0x426F, 0x31EC, 0x1108, 0x1929, 0x4AB0, 0x526E, 0x6B09, 0xDED1, 0xF772, 0xF688, 0xF5E3, 0xF520, 0xF460,
    0xF3E3, 0xF369, 0xE9D0, 0xD1B6, 0xB21A, 0x8A5B, 0x535C, 0x329C, 0x1ABB, 0x09FB, 0x0199, 0x0117, 0x0076, 0x0014, 0x000F, 0x0008,
    0x0000, 0x0000, 0x0000, 0x6B6D, 0xBDD7, 0xCE7A, 0xB5D9, 0xA537, 0x9CF6, 0x6371, 0x8C95, 0x8496, 0x6BD3, 0x6B93, 0x6372, 0x4AD0,
    0x322E, 0x3A0D, 0x6B6F, 0x7BF1, 0x7BCF, 0x8C51, 0xBE18, 0xB5B8, 0xC618, 0xD69A, 0xE75F, 0xCE9D, 0xA5BB, 0x951A, 0x8CF9, 0x9D3A,
    0x9519, 0x73F3, 0x5B31, 0x6B93, 0x73F4, 0x73D4, 0x7C15, 0x6BB4, 0x6332, 0x2104, 0xBDF2, 0xFF71, 0xF685, 0xF5E0, 0xF480, 0xF380,
    0xF321, 0xF225, 0xD88E, 0xC872, 0xB09A, 0x90FC, 0x61FE, 0x41DD, 0x21DC, 0x017C, 0x00FA, 0x0098, 0x0036, 0x0012, 0x000A, 0x0006,
    0x0000, 0x0000, 0x0000, 0x0000, 0x2146, 0x29A8, 0x3A2C, 0x4A8E, 0x426E, 0x2989, 0x3A2C, 0x3A2D, 0x31EC, 0x31EC, 0x31EC, 0x4A8F,
    0x426E, 0x426E, 0x426E, 0x3A2D, 0x298A, 0x218C, 0x1929, 0x196B, 0x1909, 0x31A6, 0x4208, 0xBDD7, 0xCE79, 0xD6FD, 0xAEBE, 0x4D7F,
    0x54FD, 0x9DBC, 0xCE7B, 0x4A8B, 0x006A, 0x5293, 0x7416, 0x1235, 0x1974, 0x51EA, 0xDC20, 0xFBC0, 0xE9E0, 0xD881, 0xC802, 0xB005,
    0xA007, 0x780C, 0x580D, 0x480D, 0x300D, 0x180C, 0x080B, 0x0009, 0x0006, 0x0004, 0x0003, 0x0002, 0x0002, 0x0000, 0x0000, 0x0000,
    0x0000, 0x0000, 0x0000, 0x0000, 0x0000, 0x0000, 0x0000, 0x0000, 0x0000, 0x0000, 0x39E9, 0x2987, 0x0000, 0x0000, 0x0000, 0x0000,
    0x0000, 0x0000, 0x0000, 0x0000, 0x0000, 0x0843, 0x4229, 0xBDB7, 0xBDD7, 0xA555, 0x7C12, 0x7C12, 0x52CE, 0x4A6B, 0xAD55, 0xE73C,
    0xBEFE, 0x54DE, 0x54BE, 0xBE5C, 0x632C, 0x0000, 0x8430, 0xC67A, 0xA63F, 0x54DE, 0xA599, 0x2003, 0x6009, 0x682E, 0x7977, 0x6997,
    0x6998, 0x5138, 0x3897, 0x1814, 0x0012, 0x0010, 0x000E, 0x000E, 0x000B, 0x0009, 0x0003, 0x0000, 0x0000, 0x0000, 0x0000, 0x0000,
    0x0000, 0x0000, 0x0000, 0x0000, 0x0000, 0x0000, 0x0000, 0x0000, 0x0000, 0x0000, 0x0000, 0x0000, 0x0000, 0x0000, 0x0000, 0x0000,
    0x0000, 0x0000, 0x0000, 0x0000, 0x0000, 0x8410, 0xA535, 0xA558, 0x8455, 0x5B52, 0x3A4F, 0x3A0D, 0x29CB, 0x10C7, 0x0865, 0x0000,
    0x9CD3, 0xDEFB, 0xAE7F, 0x045F, 0x8D7F, 0xA599, 0x0000, 0x0000, 0x39C7, 0xAD56, 0xCEDF, 0xDEFB, 0x0000, 0x0000, 0x0000, 0x0000,
    0x0000, 0x0000, 0x0000, 0x0000, 0x0000, 0x0000, 0x0000, 0x0000, 0x0000, 0x0000, 0x0000, 0x0000, 0x0000, 0x0000, 0x0000, 0x0000,
    0x0000, 0x0000, 0x0000, 0x0000, 0x0000, 0x0000, 0x0000, 0x0000, 0x0000, 0x0000, 0x0000, 0x0000, 0x0000, 0x0000, 0x0000, 0x0000,
    0x0000, 0x0000, 0x0000, 0x0000, 0x0000, 0x0000, 0x0000, 0x0000, 0x0000, 0x0000, 0x0000, 0x0000, 0x424B, 0x9D15, 0xB5D8, 0x94D6,
    0x52F0, 0x2149, 0x94B2, 0xDF1D, 0x85FE, 0x4C9E, 0xA5DD, 0x7BF1, 0x0000, 0x0000, 0x0000, 0x0000, 0x0005, 0x0008, 0x000C, 0x000D,
    0x0010, 0x0033, 0x0074, 0x0094, 0x00B5, 0x0054, 0x0011, 0x000D, 0x0009, 0x0008, 0x0008, 0x0008, 0x0008, 0x0008, 0x0004, 0x0000,
    0x0000, 0x0000, 0x0000, 0x0000, 0x0000, 0x0000, 0x0000, 0x0000, 0x0000, 0x0000, 0x0000, 0x0000, 0x0000, 0x0000, 0x0000, 0x0000,
    0x0000, 0x0000, 0x0000, 0x0000, 0x0000, 0x0000, 0x0000, 0x0000, 0x0000, 0x0000, 0x0000, 0x0000, 0x0000, 0x0000, 0x0000, 0x0000,
    0x0000, 0x0000, 0x0000, 0x0000, 0x8C52, 0xA53B, 0xA53C, 0xBDFA, 0x6B6D, 0x0001, 0x0009, 0x0010, 0x0011, 0x0011, 0x0010, 0x000F,
    0x000C, 0x0008, 0x0000, 0x0000, 0x0000, 0x0000, 0x0000, 0x0000, 0x0000, 0x0000, 0x0000, 0x0000, 0x0000, 0x0000, 0x0000, 0x0000,
    0x0000, 0x0000, 0x0000, 0x0000, 0x0000, 0x0000, 0x0000, 0x0000, 0x0000, 0x0000, 0x0000, 0x0000, 0x0000, 0x0000, 0x0000, 0x0000,
    0x0000, 0x0000, 0x0000, 0x0000, 0x0000, 0x0000, 0x0000, 0x0000, 0x0000, 0x0000, 0x0000, 0x0000, 0x0000, 0x0000, 0x0000, 0x0000,
    0x0000, 0x0000, 0x0000, 0x0000, 0x0000, 0x0000, 0x0000, 0x0000, 0x0000, 0x0000, 0x0000, 0x0000, 0x0000, 0x0000, 0x0000, 0x0000,
    0x0000, 0x0000, 0x0000, 0x0000, 0x0000, 0x0000, 0x0000, 0x0000, 0x0000, 0x0000, 0x0000, 0x0000, 0x0000, 0x0000, 0x0000, 0x0000,
    0x0000, 0x0000, 0x0000, 0x0000, 0x0000, 0x0000, 0x0000, 0x0000, 0x0000, 0x0000, 0x0000, 0x0000, 0x0000, 0x0000, 0x0000, 0x0000,
    0x0000, 0x0000, 0x0000, 0x0000, 0x0000, 0x0000, 0x0000, 0x0000, 0x0000, 0x0000, 0x0000, 0x0000, 0x0000, 0x0000, 0x0000, 0x0000,
    0x0000, 0x0000, 0x0000, 0x0000, 0x0000, 0x0000, 0x0000, 0x0000, 0x0000, 0x0000, 0x0000, 0x0000, 0x0000, 0x0000, 0x0000, 0x0000,
    0x0000, 0x0000, 0x0000, 0x0000, 0x0000, 0x0000, 0x0000, 0x0000, 0x0000, 0x0000, 0x0000, 0x0000, 0x0000, 0x0000, 0x0000, 0x0000,
    0x0000, 0x0000, 0x0000, 0x0000, 0x0000, 0x0000, 0x0000, 0x0000, 0x0000, 0x0000, 0x0000, 0x0000, 0x0000, 0x0000, 0x0000, 0x0000,
    0x0000, 0x0000, 0x0000, 0x0000, 0x0000, 0x0000, 0x0000, 0x0000, 0x0000, 0x0000, 0x0000, 0x0000, 0x0000, 0x0000, 0x0000, 0x0000,
    0x0000, 0x0000, 0x0000, 0x0000, 0x0000, 0x0000, 0x0000, 0x0000, 0x0000, 0x0000, 0x0000, 0x0000, 0x0000, 0x0000, 0x0000, 0x0000,
    0x0000, 0x0000, 0x0000, 0x0000, 0x0000, 0x0000, 0x0000, 0x0000, 0x0000, 0x0000, 0x0000, 0x0000, 0x0000, 0x0000, 0x0000, 0x0000,
    0x0000, 0x0000, 0x0000, 0x0000, 0x0000, 0x0000, 0x0000, 0x0000, 0x0000, 0x0000, 0x0000, 0x0000, 0x0000, 0x0000, 0x0000, 0x0000,
    0x0000, 0x0000, 0x0000, 0x0000, 0x0000, 0x0000, 0x0000, 0x0000, 0x0000, 0x0000, 0x0000, 0x0000, 0x0000, 0x0000, 0x0000, 0x0000,
    0x0000, 0x0000, 0x0000, 0x0000, 0x0000, 0x0000, 0x0000, 0x0000, 0x0000, 0x0000, 0x0000, 0x0000, 0x0000, 0x0000, 0x0000, 0x0000,
    0x0000, 0x0000, 0x0000, 0x0000, 0x0000, 0x0000, 0x0000, 0x0000, 0x0000, 0x0000, 0x0000, 0x0000, 0x0000, 0x0000, 0x0000, 0x0000,
    0x0000, 0x0000, 0x0000, 0x0000, 0x0000, 0x0000, 0x0000, 0x0000, 0x0000, 0x0000, 0x0000, 0x0000, 0x0000, 0x0000, 0x0000, 0x0000,
    0x0000, 0x0000, 0x0000, 0x0000, 0x0000, 0x0000, 0x0000, 0x0000, 0x0000, 0x0000, 0x0000, 0x0000, 0x0000, 0x0000, 0x0000, 0x0000,
    0x0000, 0x0000, 0x0000, 0x0000, 0x0000, 0x0000, 0x0000, 0x0000, 0x0000, 0x0000, 0x0000, 0x0000, 0x0000, 0x0000, 0x0000, 0x0000,
    0x0000, 0x0000, 0x0000, 0x0000, 0x0000, 0x0000, 0x0000, 0x0000, 0x0000, 0x0000, 0x0000, 0x0000, 0x0000, 0x0000, 0x0000, 0x0000,
    0x0000, 0x0000, 0x0000, 0x0000, 0x0000, 0x0000, 0x0000, 0x0000, 0x0000, 0x0000, 0x0000, 0x0000, 0x0000, 0x0000, 0x0000, 0x0000,
    0x0000, 0x0000, 0x0000, 0x0000, 0x0000, 0x0000, 0x0000, 0x0000, 0x0000, 0x0000, 0x0000, 0x0000, 0x0000, 0x0000, 0x0000, 0x0000,
    0x0000, 0x0000, 0x0000, 0x0000, 0x0000, 0x0000, 0x0000, 0x0000, 0x0000, 0x0000, 0x0000, 0x0000, 0x0000, 0x0000, 0x0000, 0x0000,
    0x0000, 0x0000, 0x0000, 0x0000, 0x0000, 0x0000, 0x0000, 0x0000, 0x0000, 0x0000, 0x0000, 0x0000, 0x0000, 0x0000, 0x0000, 0x0000,
    0x0000, 0x0000, 0x0000, 0x0000, 0x0000, 0x0000, 0x0000, 0x0000, 0x0000, 0x0000, 0x0000, 0x0000, 0x0000, 0x0000, 0x0000, 0x0000,
    0x0000, 0x0000, 0x0000, 0x0000, 0x0000, 0x0000, 0x0000, 0x0000, 0x0000, 0x0000, 0x0000, 0x0000, 0x0000, 0x0000, 0x0000, 0x0000,
    0x0000, 0x0000, 0x0000, 0x0000, 0x0000, 0x0000, 0x0000, 0x0000, 0x0000, 0x0000, 0x0000, 0x0000, 0x0000, 0x0000, 0x0000, 0x0000,
    0x0000, 0x0000, 0x0000, 0x0000, 0x0000, 0x0000, 0x0000, 0x0000, 0x0000, 0x0000, 0x0000, 0x0000, 0x0000, 0x0000, 0x0000, 0x0000,
    0x0000, 0x0000, 0x0000, 0x0000, 0x0000, 0x0000, 0x0000, 0x0000, 0x0000, 0x0000, 0x0000, 0x0000, 0x0000, 0x0000, 0x0000, 0x0000,
    0x0000, 0x0000, 0x0000, 0x0000, 0x0000, 0x0000, 0x0000, 0x0000, 0x0000, 0x0000, 0x0000, 0x0000, 0x0000, 0x0000, 0x0000, 0x0000,
    0x0000, 0x0000, 0x0000, 0x0000, 0x0000, 0x0000, 0x0000, 0x0000, 0x0000, 0x0000, 0x0000, 0x0000, 0x0000, 0x0000, 0x0000, 0x0000,
    0x0000, 0x0000, 0x0000, 0x0000, 0x0000, 0x0000, 0x0000, 0x0000, 0x0000, 0x0000, 0x0000, 0x0000, 0x0000, 0x0000, 0x0000, 0x0000,
    0x0000, 0x0000, 0x0000, 0x0000, 0x0000, 0x0000, 0x0000, 0x0000, 0x0000, 0x0000, 0x0000, 0x0000, 0x0000, 0x0000, 0x0000, 0x0000,
    0x0000, 0x0000, 0x0000, 0x0000, 0x0000, 0x0000, 0x0000, 0x0000, 0x0000, 0x0000, 0x0000, 0x0000, 0x0000, 0x0000, 0x0000, 0x0000,
    0x0000, 0x0000, 0x0000, 0x0000, 0x0000, 0x0000, 0x0000, 0x0000, 0x0000, 0x0000, 0x0000, 0x0000, 0x0000, 0x0000, 0x0000, 0x0000,
    0x0000, 0x0000, 0x0000, 0x0000, 0x0000, 0x0000, 0x0000, 0x0000, 0x0000, 0x0000, 0x0000, 0x0000, 0x0000, 0x0000, 0x0000, 0x0000,
};

constexpr uint16_t kSpriteCessna172[2048] = {
    0x0000, 0x0000, 0x0000, 0x0000, 0x0000, 0x0000, 0x0000, 0x0000, 0x0000, 0x0000, 0x0000, 0x0000, 0x0000, 0x0000, 0x0000, 0x0000,
    0x0000, 0x0000, 0x0000, 0x0000, 0x0000, 0x0000, 0x0000, 0x0000, 0x0000, 0x0000, 0x0000, 0x0000, 0x0000, 0x0000, 0x0000, 0x0000,
    0x0000, 0x0000, 0x0000, 0x0000, 0x0000, 0x0000, 0x0000, 0x0000, 0x0000, 0x0000, 0x0000, 0x0000, 0x0000, 0x0000, 0x0000, 0x0000,
    0x0000, 0x0000, 0x0000, 0x0000, 0x0000, 0x0000, 0x0000, 0x0000, 0x0000, 0x0000, 0x0000, 0x0000, 0x0000, 0x0000, 0x0000, 0x0000,
    0x0000, 0x0000, 0x0000, 0x0000, 0x0000, 0x0000, 0x0000, 0x0000, 0x0000, 0x0000, 0x0000, 0x0000, 0x0000, 0x0000, 0x0000, 0x0000,
    0x0000, 0x0000, 0x0000, 0x0000, 0x0000, 0x0000, 0x0000, 0x0000, 0x0000, 0x0000, 0x0000, 0x0000, 0x0000, 0x0000, 0x0000, 0x0000,
    0x0000, 0x0000, 0x0000, 0x0000, 0x0000, 0x0000, 0x0000, 0x0000, 0x0000, 0x0000, 0x0000, 0x0000, 0x0000, 0x0000, 0x0000, 0x0000,
    0x0000, 0x0000, 0x0000, 0x0000, 0x0000, 0x0000, 0x0000, 0x0000, 0x0000, 0x0000, 0x0000, 0x0000, 0x0000, 0x0000, 0x0000, 0x0000,
    0x0000, 0x0000, 0x0000, 0x0000, 0x0000, 0x0000, 0x0000, 0x0000, 0x0000, 0x0000, 0x0000, 0x0000, 0x0000, 0x0000, 0x0000, 0x0000,
    0x0000, 0x0000, 0x0000, 0x0000, 0x0000, 0x0000, 0x0000, 0x0000, 0x0000, 0x0000, 0x0000, 0x0000, 0x0000, 0x0000, 0x0000, 0x0000,
    0x0000, 0x0000, 0x0000, 0x0000, 0x0000, 0x0000, 0x0000, 0x0000, 0x0000, 0x0000, 0x0000, 0x0000, 0x0000, 0x0000, 0x0000, 0x0000,
    0x0000, 0x0000, 0x0000, 0x0000, 0x0000, 0x0000, 0x0000, 0x0000, 0x0000, 0x0000, 0x0000, 0x0000, 0x0000, 0x0000, 0x0000, 0x0000,
    0x0000, 0x0000, 0x0000, 0x0000, 0x0000, 0x0000, 0x0000, 0x0000, 0x0000, 0x0000, 0x0000, 0x0000, 0x0000, 0x0000, 0x0000, 0x0000,
    0x0000, 0x0000, 0x0000, 0x0000, 0x0000, 0x0000, 0x0000, 0x0000, 0x0000, 0x0000, 0x0000, 0x0000, 0x0000, 0x0000, 0x0000, 0x0000,
    0x0000, 0x0000, 0x0000, 0x0000, 0x0000, 0x0000, 0x0000, 0x0000, 0x0000, 0x0000, 0x0000, 0x0000, 0x0000, 0x0000, 0x0000, 0x0000,
    0x0000, 0x0000, 0x0000, 0x0000, 0x0000, 0x0000, 0x0000, 0x0000, 0x0000, 0x0000, 0x0000, 0x0000, 0x0000, 0x0000, 0x0000, 0x0000,
    0x0000, 0x0000, 0x0000, 0x0000, 0x0000, 0x0000, 0x0000, 0x0000, 0x0000, 0x0000, 0x0000, 0x0000, 0x0000, 0x0000, 0x0000, 0x0000,
    0x0000, 0x0000, 0x0000, 0x0000, 0x0000, 0x0000, 0x0000, 0x0000, 0x0000, 0x0000, 0x0000, 0x0000, 0x0000, 0x0000, 0x0000, 0x0000,
    0x0000, 0x0000, 0x0000, 0x0000, 0x0000, 0x0000, 0x0000, 0x0000, 0x0000, 0x0000, 0x0000, 0x0000, 0x0000, 0x0000, 0x0000, 0x0000,
    0x0000, 0x0000, 0x0000, 0x0000, 0x0000, 0x0000, 0x0000, 0x0000, 0x0000, 0x0000, 0x0000, 0x0000, 0x0000, 0x0000, 0x0000, 0x0000,
    0x0000, 0x0000, 0x0000, 0x0000, 0x0000, 0x0000, 0x0000, 0x0000, 0x0000, 0x0000, 0x0000, 0x0000, 0x0000, 0x0000, 0x0000, 0x0000,
    0x0000, 0x0000, 0x0000, 0x0000, 0x0000, 0x0000, 0x0000, 0x0000, 0x0000, 0x0000, 0x0000, 0x0000, 0x0000, 0x0000, 0x0000, 0x0000,
    0x0000, 0x0000, 0x0000, 0x0000, 0x0000, 0x0000, 0x0000, 0x0000, 0x0000, 0x0000, 0x0000, 0x0000, 0x0000, 0x0000, 0x0000, 0x0000,
    0x0000, 0x0000, 0x0000, 0x0000, 0x0000, 0x0000, 0x0000, 0x0000, 0x0000, 0x0000, 0x0000, 0x0000, 0x0000, 0x0000, 0x0000, 0x0000,
    0x0000, 0x0000, 0x0000, 0x0000, 0x0000, 0x0000, 0x0000, 0x0000, 0x0000, 0x0000, 0x0000, 0x0000, 0x0000, 0x0000, 0x0000, 0x0000,
    0x0000, 0x0000, 0x0000, 0x0000, 0x0000, 0x0000, 0x0000, 0x0000, 0x0000, 0x0000, 0x0000, 0x0000, 0x0000, 0x0000, 0x0000, 0x0000,
    0x0000, 0x0000, 0x0000, 0x0000, 0x0000, 0x0000, 0x0000, 0x0000, 0x0000, 0x0000, 0x0000, 0x0000, 0x0000, 0x0000, 0x0000, 0x0000,
    0x0000, 0x0000, 0x0000, 0x0000, 0x0000, 0x0000, 0x0000, 0x3186, 0x528A, 0x0000, 0x0000, 0x0000, 0x0000, 0x0000, 0x0000, 0x0000,
    0x0000, 0x0000, 0x0000, 0x0000, 0x0000, 0x0000, 0x0000, 0x0000, 0x0000, 0x0000, 0x0000, 0x0000, 0x0000, 0x0000, 0x0000, 0x0000,
    0x0000, 0x0000, 0x0000, 0x0000, 0x0000, 0x0000, 0x0000, 0x0000, 0x0000, 0x0000, 0x0000, 0x0000, 0x0000, 0x0000, 0x0000, 0x0000,
    0x0000, 0x0000, 0x0000, 0x0000, 0x0000, 0x0000, 0x0000, 0x0000, 0x0000, 0x0000, 0x0000, 0x0000, 0x0000, 0x0000, 0x0000, 0x0000,
    0x0000, 0x0000, 0x0000, 0x0000, 0x0000, 0x0000, 0x5269, 0xCC92, 0xD471, 0xCC0F, 0xA32C, 0x2124, 0x0000, 0x0000, 0x0000, 0x0000,
    0x0000, 0x0000, 0x0000, 0x0000, 0x0000, 0x0000, 0x0000, 0x0000, 0x0000, 0x0000, 0x0000, 0x0000, 0x0000, 0x0000, 0x0000, 0x0000,
    0x0000, 0x0000, 0x0000, 0x0000, 0x0000, 0x0000, 0x0000, 0x0000, 0x0000, 0x0000, 0x0000, 0x0000, 0x0000, 0x0000, 0x0000, 0x0000,
    0x0000, 0x0000, 0x0000, 0x0000, 0x0000, 0x0000, 0x0000, 0x0000, 0x0000, 0x0000, 0x0000, 0x0000, 0x0000, 0x0000, 0x0000, 0x0000,
    0x0000, 0x0000, 0x0000, 0x0000, 0x0000, 0x0000, 0xB2EB, 0xDE39, 0xD5F9, 0xDE39, 0x5208, 0x0000, 0x0000, 0x0000, 0x0000, 0x0000,
    0x0000, 0x0000, 0x0000, 0x0000, 0x0000, 0x0000, 0x0000, 0x0000, 0x0000, 0x0000, 0x0000, 0x0000, 0x0000, 0x0000, 0x0000, 0x0000,
    0x0000, 0x0000, 0x0000, 0x0000, 0x0000, 0x0000, 0x0000, 0x0000, 0x0000, 0x0000, 0x0000, 0x0000, 0x0000, 0x0000, 0x0000, 0x0000,
    0x0000, 0x0000, 0x0000, 0x0000, 0x0000, 0x0000, 0x0000, 0x0000, 0x0000, 0x0020, 0x0020, 0x0000, 0x0000, 0x0000, 0x0000, 0x0000,
    0x0000, 0x0000, 0x0000, 0x0000, 0x0000, 0x79A5, 0xEDD7, 0xEF9E, 0xD6DD, 0xCEBB, 0x1082, 0x0000, 0x0000, 0x0000, 0x0000, 0x0000,
    0x0000, 0x0000, 0x0000, 0x0000, 0x0000, 0x0000, 0x0000, 0x0000, 0x0000, 0x0000, 0x0000, 0x0000, 0x0000, 0x0000, 0x0000, 0x0000,
    0x0000, 0x0000, 0x0000, 0x0000, 0x0000, 0x0000, 0x0000, 0x0000, 0x0000, 0x0000, 0x0000, 0x0000, 0x0000, 0x0000, 0x0000, 0x0000,
    0x0000, 0x0000, 0x0000, 0x52AB, 0x634D, 0x94D3, 0xAD96, 0xB4B2, 0xD3CE, 0xDC0F, 0xD451, 0xBCF3, 0x9C51, 0x5166, 0x0861, 0x0000,
    0x0000, 0x0000, 0x0000, 0x0000, 0x4144, 0xDC10, 0xE6BB, 0xE6FC, 0xE75E, 0xB5D7, 0x0020, 0x0000, 0x0000, 0x0000, 0x0000, 0x0000,
    0x0000, 0x0000, 0x0000, 0x0000, 0x0000, 0x0000, 0x0000, 0x0000, 0x0000, 0x0000, 0x0000, 0x0000, 0x0000, 0x0000, 0x0000, 0x0000,
    0x0000, 0x0000, 0x0000, 0x0000, 0x0000, 0x0000, 0x0000, 0x0000, 0x0000, 0x0000, 0x0000, 0x10A2, 0x10C3, 0x52CC, 0x6BAF, 0x9CF4,
    0xB5B6, 0xCE7A, 0xE73D, 0xDF1D, 0xD6DD, 0xBE5B, 0xA599, 0x7B72, 0x826D, 0x91EB, 0x91CA, 0x896A, 0x8928, 0x8924, 0x2104, 0x0000,
    0x0000, 0x0000, 0x0000, 0x0020, 0xB28A, 0xF73D, 0xD6BB, 0xE77E, 0xFFDF, 0x8C51, 0x0000, 0x0000, 0x0000, 0x0000, 0x0000, 0x0000,
    0x0000, 0x0000, 0x0000, 0x0000, 0x0000, 0x1041, 0x4A49, 0x8451, 0x7C10, 0x7C10, 0x838E, 0x8453, 0x8432, 0x7C31, 0x8472, 0x8C72,
    0x8C72, 0x8452, 0x8452, 0x8452, 0x7C31, 0x4B50, 0x5BB1, 0x6433, 0x9D15, 0xBDF8, 0xC638, 0xE75D, 0xEF5D, 0xEF9F, 0xDF3E, 0xCEBD,
    0xB61A, 0x84D7, 0x6C35, 0x63F4, 0x5B71, 0x4ACF, 0x5331, 0x5331, 0x5311, 0x3A6E, 0x2189, 0x10C4, 0x0000, 0x0000, 0x0000, 0x0000,
    0x0000, 0x0000, 0x0000, 0x8207, 0xF638, 0xCE59, 0xAD76, 0xDF5E, 0xF7BE, 0x4228, 0x0000, 0x0000, 0x0000, 0x0000, 0x0000, 0x0000,
    0x0000, 0x0000, 0x0000, 0x0000, 0x0000, 0x6A8A, 0xBD36, 0xCE9C, 0xCE9B, 0xCE7B, 0xD5F8, 0xD6DD, 0xD67B, 0xE65A, 0xE73E, 0xDF1E,
    0xDEFD, 0xDF1D, 0xDF3E, 0xDF1D, 0xADDB, 0xAE1C, 0xA5DA, 0xADFA, 0xCEBC, 0xCEDD, 0xB5FB, 0x8CF7, 0x7455, 0x5BB3, 0x8CD6, 0x42CF,
    0x4B52, 0x3ACF, 0x42F0, 0x5372, 0x4B32, 0x5B94, 0x42CF, 0x2A0C, 0x10E5, 0x0000, 0x0000, 0x0000, 0x0000, 0x0000, 0x0000, 0x0000,
    0x0000, 0x0000, 0x3945, 0xE430, 0xF77E, 0xBE19, 0xE75E, 0xF7BF, 0xD69A, 0x0861, 0x0000, 0x0000, 0x0000, 0x0000, 0x0000, 0x0000,
    0x0000, 0x0000, 0x0000, 0x0000, 0x0000, 0x0000, 0x0000, 0x0021, 0x0021, 0x1083, 0x4148, 0x3A0B, 0x422B, 0x4968, 0x29EB, 0x84B4,
    0x29EB, 0x320B, 0x2A0B, 0x328E, 0x2AF1, 0x4310, 0xADF9, 0x2187, 0x9D15, 0x29CB, 0x21AA, 0x322D, 0x322D, 0x6391, 0x7475, 0x42F1,
    0x4B31, 0x4B32, 0x42F0, 0x4AF0, 0x29EB, 0x08A4, 0x0000, 0x0000, 0x0000, 0x0000, 0x0000, 0x0000, 0x0000, 0x0000, 0x0000, 0x0000,
    0x0000, 0x0000, 0xBB4C, 0xFF3C, 0xE71D, 0xE71D, 0xD6DD, 0xFFFF, 0xB596, 0x0000, 0x0000, 0x0000, 0x0000, 0x0000, 0x0000, 0x0000,
    0x0000, 0x0000, 0x0000, 0x0000, 0x0000, 0x0000, 0x0000, 0x0000, 0x0000, 0x1083, 0x2147, 0x424B, 0x31C9, 0x1905, 0x1082, 0x5B0C,
    0x8C72, 0x0020, 0x0883, 0x2A6E, 0x19C9, 0x8558, 0x52ED, 0x7BF0, 0xC638, 0x0021, 0x0042, 0x0863, 0x4A8A, 0x84D5, 0x42F0, 0x3AB0,
    0x42F1, 0xC67A, 0xB596, 0x31A6, 0x0000, 0x0020, 0x3186, 0x0000, 0x0000, 0x0000, 0x0000, 0x0000, 0x0000, 0x0000, 0x0000, 0x2040,
    0x4820, 0x99C4, 0xEBCE, 0xF638, 0xF5B6, 0xE595, 0xD515, 0xF575, 0x734D, 0x0000, 0x0000, 0x0000, 0x0000, 0x0000, 0x0000, 0x0000,
    0x0000, 0x0000, 0x0000, 0x0000, 0x0000, 0x0000, 0x0000, 0x0000, 0x0000, 0x18E5, 0x1083, 0x39EA, 0x2967, 0x2842, 0x68E4, 0x8944,
    0xBBF0, 0xA165, 0xB28B, 0xC3CF, 0xA4D3, 0x3ACE, 0x0042, 0xBDD7, 0x9CF3, 0x0063, 0x0085, 0x18A3, 0x8CB4, 0x2167, 0x42CF, 0x2A0C,
    0x0907, 0x2A50, 0x94F5, 0xDEFB, 0x94B3, 0x7C32, 0x8C93, 0x3A4A, 0x29A7, 0x1926, 0x2166, 0x59A6, 0x9471, 0xA472, 0xD4F3, 0xDC51,
    0xEC92, 0xE471, 0xD471, 0xD492, 0xC3D0, 0xCB2D, 0xE9A6, 0xC8E2, 0x0800, 0x0000, 0x0000, 0x0000, 0x0000, 0x0000, 0x0000, 0x0000,
    0x0000, 0x0000, 0x0000, 0x0000, 0x0000, 0x0000, 0x0000, 0x0000, 0x0000, 0x2147, 0x18E5, 0x52CC, 0x5A8A, 0xC2EA, 0xEC4F, 0xFCF3,
    0xFD96, 0xFDB7, 0xFE18, 0xFE79, 0xF6FC, 0xDEFC, 0x8C72, 0xE73D, 0x6B8E, 0x426B, 0x31E9, 0x8CB4, 0x3AAE, 0x0041, 0x5372, 0x42AF,
    0x08E8, 0x09AE, 0x4AAC, 0xEF7D, 0xFFDF, 0xFFFF, 0xFFDF, 0xF7DF, 0xF7BF, 0xE77E, 0xE77F, 0xEF7E, 0xE77E, 0xDF1E, 0xD67C, 0xCDF9,
    0xE576, 0xF4B2, 0xFC71, 0xE410, 0xE4F4, 0xBCB3, 0xF4B2, 0xAAAA, 0x0000, 0x0001, 0x0001, 0x0000, 0x0000, 0x0000, 0x0000, 0x0000,
    0x0000, 0x0000, 0x0000, 0x0000, 0x0000, 0x0000, 0x0000, 0x0000, 0x0000, 0x21A9, 0x7BF0, 0xC659, 0xA535, 0x632D, 0xAD76, 0xF7BF,
    0xEF9F, 0xEF9F, 0xF7BF, 0xEFBF, 0xE77E, 0xE75E, 0xEF9E, 0xE75E, 0xD6FD, 0xA5DB, 0x9D9B, 0x8539, 0x84D7, 0x7414, 0x8D39, 0x8D19,
    0x8D18, 0xADDA, 0xEF7E, 0xFFBE, 0xFF7D, 0xF73D, 0xF73D, 0xF77E, 0xFF5D, 0xFEFB, 0xFF5D, 0xFF9E, 0xF7DF, 0xF7DF, 0xF7BF, 0xFFDF,
    0xF7DF, 0xF7BF, 0xF7BF, 0xF7BF, 0xDF7F, 0xE75E, 0xF7BF, 0xD69A, 0x7BF0, 0x8C94, 0x6C53, 0x3B2F, 0x1926, 0x0021, 0x0000, 0x0000,
    0x0000, 0x0000, 0x0000, 0x0000, 0x0000, 0x0000, 0x0000, 0x0000, 0x0000, 0x2989, 0x2147, 0x2105, 0x2966, 0x5B2E, 0xA577, 0xBE3A,
    0xBD57, 0xD494, 0xCCF4, 0xB493, 0xB472, 0xA432, 0x9C52, 0xBBB3, 0xB28F, 0xB3B1, 0x8435, 0x6A8E, 0x5AAF, 0x6B52, 0x6352, 0x6311,
    0x6311, 0x62AF, 0x93B0, 0xBB0E, 0xABD2, 0xD432, 0xC38F, 0xF3F0, 0xF410, 0xF40F, 0xEC51, 0xEC31, 0xE472, 0xE451, 0xEC71, 0xE4B2,
    0xCDB7, 0xAD98, 0x84D6, 0x8CF7, 0x7C75, 0x8496, 0xADDB, 0x9D57, 0x63D3, 0x63B4, 0x5372, 0x22AF, 0x1967, 0x0022, 0x0000, 0x0000,
    0x0000, 0x0000, 0x0000, 0x0000, 0x0000, 0x0000, 0x0000, 0x0000, 0x0000, 0x2168, 0x29EB, 0x2168, 0x530F, 0xA5BB, 0xD6FD, 0xE77F,
    0xF7BF, 0xEF9F, 0xEF9E, 0xE73D, 0xE75E, 0xDF3D, 0xEF7E, 0xA578, 0x9473, 0x9CB6, 0x7B50, 0x7372, 0x6351, 0x5B30, 0x5B30, 0x6350,
    0x6310, 0x6B71, 0x8BF2, 0xB412, 0xBC33, 0xDC32, 0xE4F3, 0xF470, 0xEC30, 0xE3F0, 0xEBAE, 0xEBF0, 0xE410, 0xDBAF, 0xE38E, 0xD3CF,
    0xBBCF, 0x9B0D, 0x7392, 0x5B11, 0x626D, 0x9351, 0x94F6, 0x5B0D, 0x0020, 0x0000, 0x0000, 0x0000, 0x0000, 0x0000, 0x0000, 0x0000,
    0x0000, 0x0000, 0x0000, 0x0000, 0x0000, 0x0000, 0x0000, 0x0000, 0x0000, 0x2147, 0x31EA, 0x2168, 0x1947, 0x6415, 0xA5BB, 0x9DDC,
    0xCEFE, 0xE77E, 0xEF7E, 0xEF9E, 0xFFDF, 0xF7BF, 0xE77E, 0xF7BF, 0xC67B, 0xD6FC, 0xBE5C, 0x9DFD, 0x95DD, 0x8D7C, 0x857C, 0x95BC,
    0x959C, 0x857B, 0xB63D, 0xC6BD, 0xAE1C, 0xB63C, 0xB63C, 0xB63C, 0xADFB, 0xADFB, 0xADDA, 0xADB9, 0x9517, 0x7CB5, 0x63D2, 0x42AF,
    0x29ED, 0x216A, 0x1883, 0x18E6, 0x0000, 0x0000, 0x0000, 0x0000, 0x0000, 0x0022, 0x0000, 0x0000, 0x0000, 0x0000, 0x0000, 0x0000,
    0x0000, 0x0000, 0x0000, 0x0000, 0x0000, 0x0000, 0x0000, 0x0000, 0x0000, 0x1906, 0x31EA, 0x2147, 0x10A3, 0x320B, 0x9C93, 0x7CD8,
    0x8D19, 0xBE3C, 0xCEBD, 0xDF3E, 0xDF3E, 0xDF3E, 0xE75E, 0xCE9B, 0xCEBC, 0xE77E, 0xE75E, 0xD6FE, 0xAE1C, 0x959B, 0x959C, 0x959B,
    0x8D5B, 0x957B, 0x9DBC, 0xAE1C, 0x9D7A, 0x9539, 0x7456, 0x5B71, 0x3A6E, 0x29EB, 0x2188, 0x10C5, 0x0088, 0x00CB, 0x012E, 0x012E,
    0x0192, 0x01B2, 0x01B2, 0x01D2, 0x0193, 0x01F5, 0x014F, 0x012E, 0x012C, 0x00A9, 0x0087, 0x0044, 0x0023, 0x0001, 0x0000, 0x0000,
    0x0000, 0x0000, 0x0000, 0x0000, 0x0000, 0x0000, 0x0000, 0x0000, 0x0000, 0x0041, 0x424B, 0x10E6, 0x0863, 0x1947, 0x2948, 0x42D0,
    0x53B4, 0x5BD5, 0x6457, 0x955A, 0x9D9B, 0xADFC, 0xB61B, 0xADDA, 0xD6FE, 0xD6FE, 0xD71E, 0xDF3E, 0xE75E, 0xBE7D, 0xADDB, 0x957A,
    0x7498, 0x5BF5, 0x4311, 0x324D, 0x08C6, 0x0000, 0x0000, 0x0000, 0x0000, 0x0000, 0x0000, 0x0000, 0x0022, 0x0021, 0x0022, 0x0022,
    0x0044, 0x0065, 0x0066, 0x00A8, 0x00EB, 0x00CB, 0x00C9, 0x0088, 0x0065, 0x0044, 0x0044, 0x0023, 0x0022, 0x0001, 0x0000, 0x0000,
    0x0000, 0x0000, 0x0000, 0x0000, 0x0000, 0x0000, 0x0000, 0x0000, 0x0000, 0x0000, 0x3988, 0x2148, 0x10C5, 0x2127, 0x18E6, 0x0000,
    0x0883, 0x10E5, 0x328E, 0x328F, 0x2A2D, 0x2A2D, 0x324D, 0x324E, 0x4B31, 0x42AF, 0x3A8E, 0x52EE, 0xA557, 0x320B, 0x1928, 0x0022,
    0x0000, 0x0000, 0x0000, 0x0000, 0x0023, 0x0044, 0x0087, 0x00A7, 0x092B, 0x29AB, 0x424B, 0x3294, 0x2A2F, 0x4375, 0x22D4, 0x2B16,
    0x6C14, 0x33D7, 0x0A34, 0x5437, 0x0212, 0x1293, 0x0A50, 0x01D1, 0x016E, 0x010B, 0x010B, 0x0086, 0x0064, 0x0000, 0x0000, 0x0000,
    0x0000, 0x0000, 0x0000, 0x0000, 0x0000, 0x0000, 0x0000, 0x0000, 0x0000, 0x0000, 0x10A4, 0x29AA, 0x1929, 0x1928, 0x0000, 0x0000,
    0x0000, 0x0000, 0x5BD1, 0x1967, 0x0000, 0x0000, 0x10A3, 0x322C, 0x3A4C, 0x0021, 0x0000, 0x0000, 0x8430, 0x8431, 0x0020, 0x0000,
    0x0000, 0x0000, 0x0001, 0x0044, 0x0087, 0x00CA, 0x010D, 0x09CF, 0x0A74, 0x63D4, 0x7C58, 0x7CBA, 0x7499, 0x9DBE, 0x857D, 0x9DFE,
    0xAE5E, 0x9E5F, 0x7DFE, 0x7DDF, 0x651D, 0x5D1E, 0x23F9, 0x0359, 0x0316, 0x0234, 0x01B0, 0x00EB, 0x00A7, 0x0043, 0x0000, 0x0000,
    0x0000, 0x0000, 0x0000, 0x0000, 0x0000, 0x0000, 0x0000, 0x0000, 0x0000, 0x0000, 0x0000, 0x0042, 0x0043, 0x0000, 0x0000, 0x0000,
    0x0041, 0x73D0, 0x9D35, 0x3A08, 0x0000, 0x0882, 0x7476, 0x6437, 0x3A6D, 0x0000, 0x0000, 0x0000, 0x0000, 0x8CD4, 0xA597, 0x6BB0,
    0x0020, 0x0000, 0x0000, 0x0000, 0x0000, 0x0000, 0x0000, 0x0000, 0x0000, 0x0000, 0x0000, 0x0000, 0x0044, 0x0045, 0x0046, 0x0067,
    0x0949, 0x00E9, 0x00A7, 0x014C, 0x00EA, 0x010B, 0x00CA, 0x00AA, 0x00A9, 0x0088, 0x0087, 0x0044, 0x0044, 0x0000, 0x0000, 0x0000,
    0x0000, 0x0000, 0x0000, 0x0000, 0x0000, 0x0000, 0x0000, 0x0000, 0x0000, 0x0000, 0x0000, 0x0000, 0x0000, 0x0000, 0x0000, 0x0000,
    0x73D0, 0xF7BF, 0xEF7E, 0xDEFC, 0x4A6A, 0x08A3, 0x6C35, 0x8CD6, 0x4B51, 0x0000, 0x0000, 0x0000, 0x0883, 0xDF1D, 0xEF5D, 0xEFBF,
    0x634D, 0x0000, 0x0000, 0x0000, 0x0000, 0x0000, 0x0000, 0x0000, 0x0000, 0x0000, 0x0000, 0x0000, 0x0000, 0x0000, 0x0000, 0x0000,
    0x0000, 0x0000, 0x0000, 0x0000, 0x0000, 0x0000, 0x0000, 0x0000, 0x0000, 0x0000, 0x0000, 0x0000, 0x0000, 0x0000, 0x0000, 0x0000,
    0x0000, 0x0000, 0x0000, 0x0000, 0x0000, 0x0000, 0x0000, 0x0000, 0x0000, 0x0000, 0x0000, 0x0000, 0x0000, 0x0000, 0x0000, 0x0000,
    0x2168, 0xA5B9, 0xB619, 0x7C54, 0x10C3, 0x0000, 0x08A4, 0x2A0C, 0x0042, 0x0000, 0x0000, 0x0000, 0x0042, 0x84B5, 0xCE5B, 0x9557,
    0x29A7, 0x0000, 0x0000, 0x0000, 0x0000, 0x0000, 0x0000, 0x0000, 0x0000, 0x0000, 0x0000, 0x0000, 0x0000, 0x0000, 0x0000, 0x0000,
    0x0000, 0x0000, 0x0000, 0x0000, 0x0000, 0x0000, 0x0000, 0x0000, 0x0000, 0x0000, 0x0000, 0x0000, 0x0000, 0x0000, 0x0000, 0x0000,
    0x0000, 0x0000, 0x0000, 0x0000, 0x0000, 0x0000, 0x0000, 0x0000, 0x0000, 0x0000, 0x0000, 0x0000, 0x0000, 0x0000, 0x0000, 0x0000,
    0x0000, 0x1906, 0x424B, 0x0042, 0x0000, 0x0000, 0x0000, 0x0000, 0x0000, 0x0000, 0x0000, 0x0000, 0x0000, 0x0862, 0x3A2B, 0x2146,
    0x0000, 0x0000, 0x0000, 0x0000, 0x0000, 0x0000, 0x0000, 0x0000, 0x0000, 0x0000, 0x0000, 0x0000, 0x0000, 0x0000, 0x0000, 0x0000,
    0x0000, 0x0000, 0x0000, 0x0000, 0x0000, 0x0000, 0x0000, 0x0000, 0x0000, 0x0000, 0x0000, 0x0000, 0x0000, 0x0000, 0x0000, 0x0000,
    0x0000, 0x0000, 0x0000, 0x0000, 0x0000, 0x0000, 0x0000, 0x0000, 0x0000, 0x0000, 0x0000, 0x0000, 0x0000, 0x0000, 0x0000, 0x0000,
    0x0000, 0x0000, 0x0000, 0x0000, 0x0000, 0x0000, 0x0000, 0x0000, 0x0000, 0x0000, 0x0000, 0x0000, 0x0000, 0x0000, 0x0000, 0x0000,
    0x0000, 0x0000, 0x0000, 0x0000, 0x0000, 0x0000, 0x0000, 0x0000, 0x0000, 0x0000, 0x0000, 0x0000, 0x0000, 0x0000, 0x0000, 0x0000,
    0x0000, 0x0000, 0x0000, 0x0000, 0x0000, 0x0000, 0x0000, 0x0000, 0x0000, 0x0000, 0x0000, 0x0000, 0x0000, 0x0000, 0x0000, 0x0000,
    0x0000, 0x0000, 0x0000, 0x0000, 0x0000, 0x0000, 0x0000, 0x0000, 0x0000, 0x0000, 0x0000, 0x0000, 0x0000, 0x0000, 0x0000, 0x0000,
    0x0000, 0x0000, 0x0000, 0x0000, 0x0000, 0x0000, 0x0000, 0x0000, 0x0000, 0x0000, 0x0000, 0x0000, 0x0000, 0x0000, 0x0000, 0x0000,
    0x0000, 0x0000, 0x0000, 0x0000, 0x0000, 0x0000, 0x0000, 0x0000, 0x0000, 0x0000, 0x0000, 0x0000, 0x0000, 0x0000, 0x0000, 0x0000,
    0x0000, 0x0000, 0x0000, 0x0000, 0x0000, 0x0000, 0x0000, 0x0000, 0x0000, 0x0000, 0x0000, 0x0000, 0x0000, 0x0000, 0x0000, 0x0000,
};

constexpr uint16_t kSpritePiperCub[2048] = {
    0x0000, 0x0000, 0x0000, 0x0000, 0x0000, 0x0000, 0x0000, 0x0000, 0x0000, 0x0000, 0x0000, 0x0000, 0x0000, 0x0000, 0x0000, 0x0000,
    0x0000, 0x0000, 0x0000, 0x0000, 0x0000, 0x0000, 0x0000, 0x0000, 0x0000, 0x0000, 0x0000, 0x0000, 0x0000, 0x0000, 0x0000, 0x0000,
    0x0000, 0x0000, 0x0000, 0x0000, 0x0000, 0x0000, 0x0000, 0x0000, 0x0000, 0x0000, 0x0000, 0x0000, 0x0000, 0x0000, 0x0000, 0x0000,
    0x0000, 0x0000, 0x0000, 0x0000, 0x0000, 0x0000, 0x0000, 0x0000, 0x0000, 0x0000, 0x0000, 0x0000, 0x0000, 0x0000, 0x0000, 0x0000,
    0x0000, 0x0000, 0x0000, 0x0000, 0x0000, 0x0000, 0x0000, 0x0000, 0x0000, 0x0000, 0x0000, 0x0000, 0x0000, 0x0000, 0x0000, 0x0000,
    0x0000, 0x0000, 0x0000, 0x0000, 0x0000, 0x0000, 0x0000, 0x0000, 0x0000, 0x0000, 0x0000, 0x0000, 0x0000, 0x0000, 0x0000, 0x0000,
    0x0000, 0x0000, 0x0000, 0x0000, 0x0000, 0x0000, 0x0000, 0x0000, 0x0000, 0x0000, 0x0000, 0x0000, 0x0000, 0x0000, 0x0000, 0x0000,
    0x0000, 0x0000, 0x0000, 0x0000, 0x0000, 0x0000, 0x0000, 0x0000, 0x0000, 0x0000, 0x0000, 0x0000, 0x0000, 0x0000, 0x0000, 0x0000,
    0x0000, 0x0000, 0x0000, 0x0000, 0x0000, 0x0000, 0x0000, 0x0000, 0x0000, 0x0000, 0x0000, 0x0000, 0x0000, 0x0000, 0x0000, 0x0000,
    0x0000, 0x0000, 0x0000, 0x0000, 0x0000, 0x0000, 0x0000, 0x0000, 0x0000, 0x0000, 0x0000, 0x0000, 0x0000, 0x0000, 0x0000, 0x0000,
    0x0000, 0x0000, 0x0000, 0x0000, 0x0000, 0x0000, 0x0000, 0x0000, 0x0000, 0x0000, 0x0000, 0x0000, 0x0000, 0x0000, 0x0000, 0x0000,
    0x0000, 0x0000, 0x0000, 0x0000, 0x0000, 0x0000, 0x0000, 0x0000, 0x0000, 0x0000, 0x0000, 0x0000, 0x0000, 0x0000, 0x0000, 0x0000,
    0x0000, 0x0000, 0x0000, 0x0000, 0x0000, 0x0000, 0x0000, 0x0000, 0x0000, 0x0000, 0x0000, 0x0000, 0x0000, 0x0000, 0x0000, 0x0000,
    0x0000, 0x0000, 0x0000, 0x0000, 0x0000, 0x0000, 0x0000, 0x0000, 0x0000, 0x0000, 0x0000, 0x0000, 0x0000, 0x0000, 0x0000, 0x0000,
    0x0000, 0x0000, 0x0000, 0x0000, 0x0000, 0x0000, 0x0000, 0x0000, 0x0000, 0x0000, 0x0000, 0x0000, 0x0000, 0x0000, 0x0000, 0x0000,
    0x0000, 0x0000, 0x0000, 0x0000, 0x0000, 0x0000, 0x0000, 0x0000, 0x0000, 0x0000, 0x0000, 0x0000, 0x0000, 0x0000, 0x0000, 0x0000,
    0x0000, 0x0000, 0x0000, 0x0000, 0x0000, 0x0000, 0x0000, 0x0000, 0x0000, 0x0000, 0x0000, 0x0000, 0x0000, 0x0000, 0x0000, 0x0000,
    0x0000, 0x0000, 0x0000, 0x0000, 0x0000, 0x0000, 0x0000, 0x0000, 0x0000, 0x0000, 0x0000, 0x0000, 0x0000, 0x0000, 0x0000, 0x0000,
    0x0000, 0x0000, 0x0000, 0x0000, 0x0000, 0x0000, 0x0000, 0x0000, 0x0000, 0x0000, 0x0000, 0x0000, 0x0000, 0x0000, 0x0000, 0x0000,
    0x0000, 0x0000, 0x0000, 0x0000, 0x0000, 0x0000, 0x0000, 0x0000, 0x0000, 0x0000, 0x0000, 0x0000, 0x0000, 0x0000, 0x0000, 0x0000,
    0x0000, 0x0000, 0x0000, 0x0000, 0x0000, 0x0000, 0x0000, 0x0000, 0x0000, 0x0000, 0x0000, 0x0000, 0x0000, 0x0000, 0x0000, 0x0000,
    0x0000, 0x0000, 0x0000, 0x0000, 0x0000, 0x0000, 0x0000, 0x0000, 0x0000, 0x0000, 0x0000, 0x0000, 0x0000, 0x0000, 0x0000, 0x0000,
    0x0000, 0x0000, 0x0000, 0x0000, 0x0000, 0x0000, 0x0000, 0x0000, 0x0000, 0x0000, 0x0000, 0x0000, 0x0000, 0x0000, 0x0000, 0x0000,
    0x0000, 0x0000, 0x0000, 0x0000, 0x0000, 0x0000, 0x0000, 0x0000, 0x0000, 0x0000, 0x0000, 0x0000, 0x0000, 0x0000, 0x0000, 0x0000,
    0x0000, 0x0000, 0x0000, 0x0000, 0x0000, 0x0000, 0x0000, 0x0000, 0x0000, 0x0000, 0x0000, 0x0000, 0x0000, 0x0000, 0x0000, 0x0000,
    0x0000, 0x0000, 0x0000, 0x0000, 0x0000, 0x0000, 0x0000, 0x0000, 0x0000, 0x0000, 0x0000, 0x0000, 0x0000, 0x0000, 0x0000, 0x0000,
    0x0000, 0x0000, 0x0000, 0x0000, 0x0000, 0x0000, 0x0000, 0x0000, 0x0000, 0x0000, 0x0000, 0x0000, 0x0000, 0x0000, 0x0000, 0x0000,
    0x0000, 0x0000, 0x0000, 0x0000, 0x0000, 0x0000, 0x0000, 0x0000, 0x0000, 0x0000, 0x0000, 0x0000, 0x0000, 0x0000, 0x0000, 0x0000,
    0x0000, 0x0000, 0x0000, 0x0000, 0x0000, 0x0000, 0x0000, 0x0000, 0x0000, 0x0000, 0x0000, 0x0000, 0x0000, 0x0000, 0x0000, 0x0000,
    0x0000, 0x0000, 0x0000, 0x0000, 0x0000, 0x0000, 0x0000, 0x0000, 0x0000, 0x0000, 0x0000, 0x0000, 0x0000, 0x0000, 0x0000, 0x0000,
    0x0000, 0x0000, 0x0000, 0x0000, 0x0000, 0x0000, 0x0000, 0x0000, 0x0000, 0x0000, 0x0000, 0x0000, 0x0000, 0x0000, 0x0000, 0x0000,
    0x0000, 0x0000, 0x0000, 0x0000, 0x0000, 0x0000, 0x0000, 0x0000, 0x0000, 0x0000, 0x0000, 0x0000, 0x0000, 0x0000, 0x0000, 0x0000,
    0x0000, 0x0000, 0x0000, 0x0000, 0x0000, 0x0000, 0x0000, 0x0000, 0x0000, 0x0000, 0x0000, 0x0020, 0x50C0, 0xF680, 0xF620, 0xED00,
    0x40E0, 0x0000, 0x0000, 0x0000, 0x0000, 0x0000, 0x0000, 0x0000, 0x0000, 0x0000, 0x0000, 0x0000, 0x0000, 0x0000, 0x0000, 0x0000,
    0x0000, 0x0000, 0x0000, 0x0000, 0x0000, 0x0000, 0x0000, 0x0000, 0x0000, 0x0000, 0x0000, 0x0000, 0x0000, 0x0000, 0x0000, 0x0000,
    0x0020, 0xE6D0, 0x0000, 0x0000, 0x0000, 0x0000, 0x0000, 0x0000, 0x0000, 0x0000, 0x0000, 0x0000, 0x0000, 0x0000, 0x0000, 0x0000,
    0x0000, 0x0000, 0x0000, 0x0000, 0x0000, 0x0000, 0x0000, 0x0000, 0x0000, 0x0000, 0x0000, 0xFD80, 0xFF60, 0xFF8C, 0xFF42, 0xFEE2,
    0xFF8A, 0xFF92, 0xFFD4, 0xF76B, 0xFE40, 0x4101, 0x0000, 0x0000, 0x0000, 0x0000, 0x0000, 0x0000, 0x0000, 0x0000, 0x0000, 0x0000,
    0x0000, 0x0000, 0x0000, 0x0000, 0x0000, 0x0000, 0x0000, 0x0000, 0x0000, 0x0000, 0x0000, 0x0000, 0x0000, 0x0000, 0x0000, 0x0860,
    0xFEA0, 0xFE40, 0xF682, 0x0860, 0x0000, 0x0000, 0x0000, 0x0000, 0x0000, 0x0000, 0x0000, 0x0000, 0x0000, 0x0000, 0x0000, 0x0000,
    0x0000, 0x0000, 0x0000, 0x0000, 0x0000, 0x0000, 0x0000, 0x0000, 0x0000, 0x0000, 0x0000, 0x0000, 0x0000, 0x7180, 0xFD40, 0xFE40,
    0xFFB2, 0xFF01, 0xFF00, 0xFEC1, 0xFE80, 0xF640, 0xFE80, 0xFE81, 0xDCA0, 0x0020, 0x0020, 0x0820, 0x0000, 0x0000, 0x0000, 0x0000,
    0x0000, 0x0000, 0x0000, 0x0000, 0x0000, 0x0000, 0x0000, 0x0000, 0x0000, 0x0000, 0x0000, 0x0000, 0x0000, 0x0000, 0x0020, 0xFF22,
    0xF540, 0xFDA0, 0xFEA0, 0xEE60, 0x0000, 0x0000, 0x0000, 0x0000, 0x0000, 0x0000, 0x0000, 0x0000, 0x0000, 0x0000, 0x0000, 0x0000,
    0x0000, 0x0000, 0x0000, 0x0000, 0x0000, 0x0000, 0x0000, 0x0000, 0x0000, 0x0000, 0xD4A2, 0x0000, 0x0000, 0x0000, 0x0000, 0x0000,
    0xAB82, 0x3020, 0xF460, 0xFE20, 0xD56A, 0x00A9, 0xFFC3, 0xFF21, 0xFEE0, 0xF6C0, 0xF600, 0xFE20, 0xFE00, 0xE561, 0x8240, 0x0000,
    0x0000, 0x0000, 0x0000, 0x0000, 0x0000, 0x0000, 0x0000, 0x0000, 0x0000, 0x0000, 0x0000, 0x0000, 0x0000, 0x0000, 0x0020, 0xE440,
    0xFE61, 0xFF22, 0xFE61, 0xFE60, 0x0020, 0x0000, 0x0000, 0x0000, 0x0000, 0x0000, 0x0000, 0x0000, 0x0000, 0x0000, 0x0000, 0x0000,
    0x0000, 0x0000, 0x0000, 0x0000, 0x0000, 0x0000, 0x0000, 0x0000, 0x0000, 0xAC21, 0x2167, 0x0000, 0x0000, 0x0000, 0x0000, 0x0000,
    0x0020, 0xFE80, 0x0020, 0x0841, 0x0949, 0xB590, 0xCAC0, 0xF460, 0xF500, 0xFE80, 0xFEE0, 0xFE80, 0xFF60, 0xFF20, 0xFF40, 0xF6E0,
    0xFEA0, 0xF641, 0xFE40, 0xCCC0, 0xAB80, 0x0000, 0x0000, 0x0000, 0x0000, 0x0000, 0x0000, 0x0000, 0x0000, 0x0020, 0xFFC6, 0xFEC6,
    0xFD40, 0xFF00, 0xFF21, 0xFDC0, 0x0000, 0x0000, 0x0000, 0x0000, 0x0000, 0x0000, 0x0000, 0x0000, 0x0000, 0x0000, 0x0000, 0x0000,
    0x0000, 0x0000, 0x0000, 0x0000, 0x0000, 0x0000, 0x0000, 0x0000, 0x0000, 0x39C9, 0x31C8, 0x0000, 0x0000, 0x0000, 0x0000, 0x0000,
    0x0000, 0x1040, 0x0800, 0x5A43, 0x9CE7, 0x1129, 0x0001, 0x2881, 0x1880, 0x7160, 0x6100, 0x60E0, 0x6940, 0x50E0, 0x79A0, 0x9240,
    0xC360, 0xFDA0, 0xFE01, 0xFFA2, 0xFF8F, 0xFF8D, 0xFE20, 0xFEA0, 0xFDC0, 0x7B00, 0x0020, 0x0000, 0x0000, 0x51A0, 0xFEC1, 0xEFDE,
    0xF740, 0xFF87, 0xFF01, 0xFDC1, 0x18C0, 0x0000, 0x0000, 0x0000, 0x0000, 0x0000, 0x0000, 0x0000, 0x0000, 0x0000, 0x0000, 0x0000,
    0x0000, 0x0000, 0x0000, 0x0000, 0x0000, 0x0000, 0x0000, 0x0000, 0x0000, 0x2148, 0x4A8C, 0x0000, 0x0000, 0x0000, 0x0000, 0x0000,
    0x0000, 0x0000, 0x6306, 0x10A2, 0x28C2, 0x08C5, 0xF621, 0x10E3, 0x08C4, 0x10E7, 0x0821, 0x3100, 0x0021, 0x0841, 0xF580, 0xD380,
    0xAAE0, 0x0820, 0x1040, 0x0020, 0x0000, 0x5160, 0x4900, 0x8220, 0xA280, 0xAAA0, 0x9240, 0x69C0, 0x3080, 0xCC80, 0xFE60, 0xF684,
    0xFEC1, 0xFF42, 0xFEE1, 0xF540, 0x9B40, 0x0000, 0x0000, 0x0000, 0x0000, 0x0000, 0x0000, 0x0000, 0x0000, 0x0000, 0x0000, 0x0000,
    0x0000, 0x0000, 0x0000, 0x0000, 0x0000, 0x0000, 0x0000, 0x0000, 0x0000, 0x1927, 0x31CB, 0x0020, 0x1820, 0x0000, 0x0800, 0x0800,
    0xAB20, 0xDBE0, 0xC380, 0xFFEF, 0x0841, 0x0042, 0xD543, 0x2125, 0x19C9, 0x2A90, 0x0000, 0x9AE0, 0x10C5, 0x5180, 0x2147, 0x0001,
    0xE460, 0xF520, 0xBD23, 0xF706, 0xFF03, 0x9280, 0x1000, 0x0800, 0x0020, 0x0020, 0x0000, 0x6A80, 0xE4E0, 0xFE81, 0xFD80, 0xFDA0,
    0xFF20, 0xFEE0, 0xFE80, 0xFD20, 0xFF20, 0x0000, 0x0000, 0x0000, 0x0000, 0x0000, 0x0000, 0x0000, 0x0000, 0x0000, 0x0000, 0x0000,
    0x0000, 0x0000, 0x0000, 0x0000, 0x0000, 0x0000, 0x0000, 0x0000, 0x0000, 0x0820, 0xDDE1, 0x4AAC, 0x3900, 0xFF21, 0xFF21, 0xFEA0,
    0xFF20, 0xFF89, 0xFF40, 0xFEC0, 0x6A43, 0x69E1, 0x2166, 0x1106, 0x41C7, 0x10C4, 0x2127, 0xE5E0, 0x41C3, 0x4269, 0x3A2C, 0x2188,
    0x322B, 0x8A61, 0xF4C0, 0xFEC0, 0xFE80, 0xFF00, 0xFEA0, 0xFEC0, 0xFEE0, 0xFF43, 0xFF20, 0xFE68, 0xFDE0, 0xFD60, 0xEC40, 0xFCC0,
    0xFD60, 0xFD60, 0xFEC1, 0xFE00, 0xFEA0, 0x0000, 0x0000, 0x0000, 0x0000, 0x0000, 0x0000, 0x0000, 0x0000, 0x0000, 0x0000, 0x0000,
    0x0000, 0x0000, 0x0000, 0x0000, 0x0000, 0x0000, 0x0000, 0x0000, 0x0000, 0xFFD0, 0xFFF7, 0xB5D7, 0x1000, 0x318E, 0x21CD, 0xFEA6,
    0xFE20, 0xF560, 0xFEC0, 0xFE00, 0xFDE0, 0xF500, 0xF5A1, 0xFE20, 0xFD40, 0x2840, 0x08A6, 0xEE00, 0x10A4, 0x00C6, 0x3A2C, 0x08E5,
    0x3962, 0xF5C2, 0xFF00, 0xFF00, 0xFF21, 0xFF42, 0xFEE1, 0xFF00, 0xF6C0, 0xFF00, 0xFEA1, 0xFEA1, 0xFE00, 0xD421, 0xFF82, 0xFFEB,
    0xFF86, 0xFE60, 0xFE40, 0xDB40, 0xFD80, 0x0000, 0x0020, 0x0000, 0x0000, 0x0000, 0x0000, 0x0000, 0x0000, 0x0000, 0x0000, 0x0000,
    0x0000, 0x0000, 0x0000, 0x0000, 0x0000, 0x0000, 0x0000, 0x0000, 0x0000, 0x0841, 0xFE23, 0x2125, 0x1841, 0x61C0, 0x0000, 0x8A41,
    0xFD80, 0xD200, 0xFCC0, 0xF6A1, 0xFEA0, 0xFF40, 0xFE20, 0xFEA0, 0xFE60, 0xFE80, 0xFDA0, 0xFCA1, 0xFCC0, 0xFCC0, 0xFD40, 0xFCE0,
    0xFDE0, 0xFEA0, 0xFE01, 0xF701, 0xF640, 0xF5E0, 0xFEA0, 0xFFA1, 0xF680, 0xFF60, 0xF5C0, 0xF580, 0xF5C0, 0xB2E0, 0x9A60, 0xCBA0,
    0x92C0, 0x6920, 0x7080, 0xC960, 0xEB60, 0xFC40, 0x4060, 0x0000, 0x0001, 0x0000, 0x0020, 0x0042, 0x00A7, 0x00A7, 0x0000, 0x0000,
    0x0000, 0x0000, 0x0000, 0x0000, 0x0000, 0x0000, 0x0000, 0x0000, 0x0000, 0x2147, 0x6B92, 0x0000, 0x28A0, 0xFE60, 0xFEC0, 0xFD80,
    0xEC80, 0xD300, 0xFEA0, 0xFF40, 0x0001, 0x0021, 0x0021, 0x0041, 0x0820, 0x0020, 0xA2C0, 0x0020, 0x0000, 0x1820, 0x4900, 0xAB80,
    0xAB80, 0xFE00, 0xFE80, 0xFF00, 0xFF40, 0xFEC0, 0xFF20, 0xF721, 0xF682, 0xF6E1, 0xFE80, 0xF6A0, 0xFDE0, 0xFE20, 0xE400, 0xDBE0,
    0xBB20, 0xFD81, 0xFE00, 0xF560, 0x0020, 0x0000, 0x0001, 0x0001, 0x0001, 0x0001, 0x0021, 0x0000, 0x0000, 0x0000, 0x0000, 0x0000,
    0x0000, 0x0000, 0x0000, 0x0000, 0x0000, 0x0000, 0x0000, 0x0000, 0x0000, 0x2148, 0x7C34, 0x1906, 0x3921, 0xE3C0, 0xF580, 0xFE40,
    0xFE60, 0xFF63, 0xFDC0, 0xFF20, 0xF680, 0x6A01, 0x0841, 0x9280, 0xFFC0, 0xF620, 0xF4E0, 0xF580, 0xFEC0, 0xFE20, 0xFE20, 0xFE00,
    0xFD80, 0xFE20, 0xFE00, 0xFE40, 0xFE20, 0xFE60, 0xFD60, 0xFEE0, 0xFF00, 0xFEE0, 0xFF20, 0xFF40, 0xF6A0, 0xF660, 0xCB00, 0xAAA0,
    0xC3A0, 0x1041, 0x28E0, 0x0000, 0x0000, 0x0000, 0x0020, 0x0000, 0x0000, 0x0000, 0x0000, 0x0000, 0x0000, 0x0000, 0x0000, 0x0000,
    0x0000, 0x0000, 0x0000, 0x0000, 0x0000, 0x0000, 0x0000, 0x0000, 0x0000, 0x0864, 0x6BD3, 0x2125, 0x0020, 0xFCC0, 0xD3A0, 0xAA00,
    0xF480, 0xFD80, 0xFD80, 0xFD80, 0xFE40, 0xFF00, 0xF480, 0xFEA0, 0x8220, 0xF5A0, 0xFD00, 0xFD60, 0xFDE0, 0xFE20, 0xFDA0, 0xFCC0,
    0xFCA0, 0xFDE0, 0xFE60, 0xFE40, 0xFDE0, 0xFD80, 0xFD40, 0xEC00, 0xCB00, 0x6160, 0x0800, 0x0000, 0x0020, 0x0000, 0x0000, 0x0020,
    0xE580, 0x0000, 0x0020, 0x0000, 0x0000, 0x0000, 0x0000, 0x0198, 0x0069, 0x0002, 0x0001, 0x0022, 0x0000, 0x0000, 0x0000, 0x0000,
    0x0000, 0x0000, 0x0000, 0x0000, 0x0000, 0x0000, 0x0000, 0x0000, 0x0000, 0x28E1, 0x31CA, 0x4183, 0x0000, 0x0000, 0x0000, 0x92E2,
    0x7242, 0xBAA0, 0xD360, 0xFF20, 0xFEC1, 0xFF00, 0xFE40, 0xA383, 0xFDE0, 0xFEA0, 0xFCE0, 0xFE60, 0xFEA0, 0xFE80, 0xFE60, 0xFEC0,
    0xF5C0, 0xE380, 0xB2E0, 0x8A00, 0x28C1, 0x0000, 0x0020, 0x0000, 0x0000, 0x0000, 0x0000, 0x0000, 0x00C7, 0x0046, 0x0043, 0x0000,
    0x0000, 0x1927, 0x31A8, 0x0C3E, 0x3E3F, 0x151E, 0x5D7C, 0x021E, 0x0196, 0x0111, 0x0068, 0x0089, 0x0004, 0x0067, 0x0000, 0x0000,
    0x0000, 0x0000, 0x0000, 0x0000, 0x0000, 0x0000, 0x0000, 0x0000, 0x0000, 0x0000, 0x0842, 0x0000, 0x0000, 0x0000, 0x0000, 0x0000,
    0x0000, 0x0000, 0x0000, 0x1840, 0x1020, 0xBAA0, 0xF460, 0xFCA0, 0xFDA1, 0xFD00, 0xC220, 0xA200, 0x38C0, 0x0000, 0x0000, 0x0000,
    0x0000, 0x0000, 0x0000, 0x0020, 0x0020, 0x1060, 0x1040, 0xB3C0, 0x1840, 0x1060, 0x0000, 0x0000, 0x0000, 0x0000, 0x0000, 0x0000,
    0x0000, 0x10E5, 0x08C4, 0x0000, 0x0000, 0x0000, 0x0000, 0x0000, 0x0000, 0x0000, 0x0000, 0x0000, 0x0000, 0x0000, 0x0000, 0x0000,
    0x0000, 0x0000, 0x0000, 0x0000, 0x0000, 0x0000, 0x0000, 0x0000, 0x0000, 0x0000, 0x0000, 0x0000, 0x0000, 0x0000, 0x0000, 0x0000,
    0x0000, 0x0000, 0x0020, 0x9262, 0x0842, 0xFF01, 0xFE60, 0xF700, 0x0000, 0x0020, 0x0000, 0x0000, 0x0000, 0x0000, 0x0000, 0x2860,
    0x59A0, 0x9AE0, 0xF560, 0x7AA0, 0x40E0, 0x0000, 0x0000, 0x61A0, 0x0000, 0x0000, 0x0000, 0x0000, 0x0000, 0x023E, 0x00CF, 0x03DF,
    0x0B5D, 0x01B7, 0x0C9E, 0x369F, 0x017A, 0x0198, 0x0027, 0x0159, 0x01B6, 0x0067, 0x00C9, 0x010B, 0x0065, 0x0085, 0x0000, 0x0000,
    0x0000, 0x0000, 0x0000, 0x0000, 0x0000, 0x0000, 0x0000, 0x0000, 0x0000, 0x0000, 0x0000, 0x0000, 0x0000, 0x0000, 0x0000, 0x0000,
    0x0000, 0x3A8E, 0x4982, 0x3147, 0x0000, 0xFFF3, 0xFF45, 0x0020, 0x0000, 0x0000, 0x0000, 0x0000, 0x0000, 0x0000, 0x0000, 0x0000,
    0x0000, 0x0000, 0x0820, 0x0000, 0x28E0, 0x0000, 0x0000, 0x4121, 0x0001, 0x0821, 0x0000, 0x000F, 0x000A, 0x1BFF, 0x023C, 0x4D1F,
    0x025B, 0x2D5E, 0x457F, 0xA75F, 0x027E, 0x027F, 0x0AD9, 0x037D, 0x0218, 0x01F5, 0x010F, 0x012C, 0x00AA, 0x0044, 0x0000, 0x0000,
    0x0000, 0x0000, 0x0000, 0x0000, 0x0000, 0x0000, 0x0000, 0x0000, 0x0000, 0x0000, 0x0000, 0x0000, 0x0000, 0x0000, 0x0000, 0x0000,
    0x0000, 0x0021, 0x8284, 0x81E0, 0x0020, 0x1040, 0x0000, 0x0000, 0x0000, 0x0000, 0x0000, 0x0000, 0x0000, 0x0000, 0x0000, 0x0000,
    0x0000, 0x0000, 0x0000, 0x0000, 0x0000, 0x0000, 0x0000, 0x0000, 0x0000, 0x0000, 0x0000, 0x0000, 0x0000, 0x0000, 0x0000, 0x0000,
    0x0000, 0x0000, 0x0000, 0x0000, 0x0000, 0x0000, 0x0000, 0x0000, 0x0000, 0x0000, 0x0000, 0x0000, 0x0000, 0x0000, 0x0000, 0x0000,
    0x0000, 0x0000, 0x0000, 0x0000, 0x0000, 0x0000, 0x0000, 0x0000, 0x0000, 0x0000, 0x0000, 0x0000, 0x0000, 0x0000, 0x0000, 0x0000,
    0x0000, 0x0022, 0xBB60, 0x0000, 0x5C76, 0xCD03, 0x4AF0, 0x0000, 0x0000, 0x0000, 0x0000, 0x0000, 0x0000, 0x0000, 0x0000, 0x0000,
    0x0000, 0x0000, 0x0000, 0x0000, 0x0000, 0x0000, 0x0000, 0x0000, 0x0000, 0x0000, 0x0000, 0x0000, 0x0000, 0x0000, 0x0000, 0x0000,
    0x0000, 0x0000, 0x0000, 0x0000, 0x0000, 0x0000, 0x0000, 0x0000, 0x0000, 0x0000, 0x0000, 0x0000, 0x0000, 0x0000, 0x0000, 0x0000,
    0x0000, 0x0000, 0x0000, 0x0000, 0x0000, 0x0000, 0x0000, 0x0000, 0x0000, 0x0000, 0x0000, 0x0000, 0x0000, 0x0000, 0x0000, 0x0000,
    0x0000, 0x0000, 0x0863, 0x0000, 0xCD66, 0xFFFF, 0xC4E3, 0x0000, 0x0000, 0x0000, 0x0000, 0x0000, 0x0000, 0x0000, 0x0000, 0x0000,
    0x0000, 0x0000, 0x0000, 0x0000, 0x0000, 0x0000, 0x0000, 0x0000, 0x0000, 0x0000, 0x0000, 0x0000, 0x0000, 0x0000, 0x0000, 0x0000,
    0x0000, 0x0000, 0x0000, 0x0000, 0x0000, 0x0000, 0x0000, 0x0000, 0x0000, 0x0000, 0x0000, 0x0000, 0x0000, 0x0000, 0x0000, 0x0000,
    0x0000, 0x0000, 0x0000, 0x0000, 0x0000, 0x0000, 0x0000, 0x0000, 0x0000, 0x0000, 0x0000, 0x0000, 0x0000, 0x0000, 0x0000, 0x0000,
    0x0000, 0x0000, 0x0000, 0x0000, 0x4A27, 0xFF60, 0x39CC, 0x0000, 0x0000, 0x0000, 0x0000, 0x0000, 0x0000, 0x0000, 0x0000, 0x0000,
    0x0000, 0x0000, 0x0000, 0x0000, 0x0000, 0x0000, 0x0000, 0x0000, 0x0000, 0x0000, 0x0000, 0x0000, 0x0000, 0x0000, 0x0000, 0x0000,
    0x0000, 0x0000, 0x0000, 0x0000, 0x0000, 0x0000, 0x0000, 0x0000, 0x0000, 0x0000, 0x0000, 0x0000, 0x0000, 0x0000, 0x0000, 0x0000,
    0x0000, 0x0000, 0x0000, 0x0000, 0x0000, 0x0000, 0x0000, 0x0000, 0x0000, 0x0000, 0x0000, 0x0000, 0x0000, 0x0000, 0x0000, 0x0000,
    0x0000, 0x0000, 0x0000, 0x0000, 0x1062, 0x2989, 0x0000, 0x0000, 0x0000, 0x0000, 0x0000, 0x0000, 0x0000, 0x0000, 0x0000, 0x0000,
    0x0000, 0x0000, 0x0000, 0x0000, 0x0000, 0x0000, 0x0000, 0x0000, 0x0000, 0x0000, 0x0000, 0x0000, 0x0000, 0x0000, 0x0000, 0x0000,
    0x0000, 0x0000, 0x0000, 0x0000, 0x0000, 0x0000, 0x0000, 0x0000, 0x0000, 0x0000, 0x0000, 0x0000, 0x0000, 0x0000, 0x0000, 0x0000,
    0x0000, 0x0000, 0x0000, 0x0000, 0x0000, 0x0000, 0x0000, 0x0000, 0x0000, 0x0000, 0x0000, 0x0000, 0x0000, 0x0000, 0x0000, 0x0000,
    0x0000, 0x0000, 0x0000, 0x0000, 0x0000, 0x0000, 0x0000, 0x0000, 0x0000, 0x0000, 0x0000, 0x0000, 0x0000, 0x0000, 0x0000, 0x0000,
    0x0000, 0x0000, 0x0000, 0x0000, 0x0000, 0x0000, 0x0000, 0x0000, 0x0000, 0x0000, 0x0000, 0x0000, 0x0000, 0x0000, 0x0000, 0x0000,
    0x0000, 0x0000, 0x0000, 0x0000, 0x0000, 0x0000, 0x0000, 0x0000, 0x0000, 0x0000, 0x0000, 0x0000, 0x0000, 0x0000, 0x0000, 0x0000,
};

constexpr uint16_t kSpriteP51Mustang[2048] = {
    0x0000, 0x0000, 0x0000, 0x0000, 0x0000, 0x0000, 0x0000, 0x0000, 0x0000, 0x0000, 0x0000, 0x0000, 0x0000, 0x0000, 0x0000, 0x0000,
    0x0000, 0x0000, 0x0000, 0x0000, 0x0000, 0x0000, 0x0000, 0x0000, 0x0000, 0x0000, 0x0000, 0x0000, 0x0000, 0x0000, 0x0000, 0x0000,
    0x0000, 0x0000, 0x0000, 0x0000, 0x0000, 0x0000, 0x0000, 0x0000, 0x0000, 0x0000, 0x0000, 0x0000, 0x0000, 0x0000, 0x0000, 0x0000,
    0x0000, 0x0000, 0x0000, 0x0000, 0x0000, 0x0000, 0x0000, 0x0000, 0x0000, 0x0000, 0x0000, 0x0000, 0x0000, 0x0000, 0x0000, 0x0000,
    0x0000, 0x0000, 0x0000, 0x0000, 0x0000, 0x0000, 0x0000, 0x0000, 0x0000, 0x0000, 0x0000, 0x0000, 0x0000, 0x0000, 0x0000, 0x0000,
    0x0000, 0x0000, 0x0000, 0x0000, 0x0000, 0x0000, 0x0000, 0x0000, 0x0000, 0x0000, 0x0000, 0x0000, 0x0000, 0x0000, 0x0000, 0x0000,
    0x0000, 0x0000, 0x0000, 0x0000, 0x0000, 0x0000, 0x0000, 0x0000, 0x0000, 0x0000, 0x0000, 0x0000, 0x0000, 0x0000, 0x0000, 0x0000,
    0x0000, 0x0000, 0x0000, 0x0000, 0x0000, 0x0000, 0x0000, 0x0000, 0x0000, 0x0000, 0x0000, 0x0000, 0x0000, 0x0000, 0x0000, 0x0000,
    0x0000, 0x0000, 0x0000, 0x0000, 0x0000, 0x0000, 0x0000, 0x0000, 0x0000, 0x0000, 0x0000, 0x0000, 0x0000, 0x0000, 0x0000, 0x0000,
    0x0000, 0x0000, 0x0000, 0x0000, 0x0000, 0x0000, 0x0000, 0x0000, 0x0000, 0x0000, 0x0000, 0x0000, 0x0000, 0x0000, 0x0000, 0x0000,
    0x0000, 0x0000, 0x0000, 0x0000, 0x0000, 0x0000, 0x0000, 0x0000, 0x0000, 0x0000, 0x0000, 0x0000, 0x0000, 0x0000, 0x0000, 0x0000,
    0x0000, 0x0000, 0x0000, 0x0000, 0x0000, 0x0000, 0x0000, 0x0000, 0x0000, 0x0000, 0x0000, 0x0000, 0x0000, 0x0000, 0x0000, 0x0000,
    0x0000, 0x0000, 0x0000, 0x0000, 0x0000, 0x0000, 0x0000, 0x0000, 0x0000, 0x0000, 0x0000, 0x0000, 0x0000, 0x0000, 0x0000, 0x0000,
    0x0000, 0x0000, 0x0000, 0x0000, 0x0000, 0x0000, 0x0000, 0x0000, 0x0000, 0x0000, 0x0000, 0x0000, 0x0000, 0x0000, 0x0000, 0x0000,
    0x0000, 0x0000, 0x0000, 0x0000, 0x0000, 0x0000, 0x0000, 0x0000, 0x0000, 0x0000, 0x0000, 0x0000, 0x0000, 0x0000, 0x0000, 0x0000,
    0x0000, 0x0000, 0x0000, 0x0000, 0x0000, 0x0000, 0x0000, 0x0000, 0x0000, 0x0000, 0x0000, 0x0000, 0x0000, 0x0000, 0x0000, 0x0000,
    0x0000, 0x0000, 0x0000, 0x0000, 0x0000, 0x0000, 0x0000, 0x0000, 0x0000, 0x0000, 0x0000, 0x0000, 0x0000, 0x0000, 0x0000, 0x0000,
    0x0000, 0x0000, 0x0000, 0x0000, 0x0000, 0x0000, 0x0000, 0x0000, 0x0000, 0x0000, 0x0000, 0x0000, 0x0000, 0x0000, 0x0000, 0x0000,
    0x0000, 0x0000, 0x0000, 0x0000, 0x0000, 0x0000, 0x0000, 0x0000, 0x0000, 0x0000, 0x0000, 0x0000, 0x0000, 0x0000, 0x0000, 0x0000,
    0x0000, 0x0000, 0x0000, 0x0000, 0x0000, 0x0000, 0x0000, 0x0000, 0x0000, 0x0000, 0x0000, 0x0000, 0x0000, 0x0000, 0x0000, 0x0000,
    0x0000, 0x0000, 0x0000, 0x0000, 0x0000, 0x0000, 0x0000, 0x0000, 0x0020, 0x0000, 0x0000, 0x0000, 0x0000, 0x0000, 0x0000, 0x0000,
    0x0000, 0x0000, 0x0000, 0x0000, 0x0000, 0x0000, 0x0000, 0x0000, 0x0000, 0x0000, 0x0000, 0x0000, 0x0000, 0x0000, 0x0000, 0x0000,
    0x0000, 0x0000, 0x0000, 0x0000, 0x0000, 0x0000, 0x0000, 0x0000, 0x0000, 0x0000, 0x0000, 0x0000, 0x0000, 0x0000, 0x0000, 0x0000,
    0x0000, 0x0000, 0x0000, 0x0000, 0x0000, 0x0000, 0x0000, 0x0000, 0x0000, 0x0000, 0x0000, 0x0000, 0x0000, 0x0000, 0x0000, 0x0000,
    0x0000, 0x0000, 0x0000, 0x0000, 0x0000, 0x0000, 0x0000, 0x0020, 0x1062, 0x0000, 0x0000, 0x0000, 0x0000, 0x0000, 0x0000, 0x0000,
    0x0000, 0x0000, 0x0000, 0x0000, 0x0000, 0x0000, 0x0000, 0x0000, 0x0000, 0x0000, 0x0000, 0x0000, 0x0000, 0x0000, 0x0000, 0x0000,
    0x0000, 0x0000, 0x0000, 0x0000, 0x0000, 0x0000, 0x0000, 0x0000, 0x0000, 0x0000, 0x0000, 0x0000, 0x0000, 0x0000, 0x0000, 0x0000,
    0x0000, 0x0000, 0x0000, 0x0000, 0x0000, 0x0000, 0x0000, 0x0000, 0x0000, 0x0000, 0x0000, 0x0000, 0x0000, 0x0000, 0x0000, 0x0000,
    0x0000, 0x0000, 0x0000, 0x0000, 0x0000, 0x0000, 0x0000, 0x7A40, 0x0841, 0x20A0, 0x0000, 0x0000, 0x0000, 0x0000, 0x0000, 0x0000,
    0x0000, 0x0000, 0x0000, 0x0000, 0x0000, 0x0000, 0x0000, 0x0000, 0x0000, 0x0000, 0x0000, 0x0000, 0x0000, 0x0000, 0x0000, 0x0000,
    0x0000, 0x0000, 0x0000, 0x0000, 0x0000, 0x0000, 0x0000, 0x0000, 0x0000, 0x0000, 0x0000, 0x0000, 0x0000, 0x0000, 0x0000, 0x0000,
    0x0000, 0x0000, 0x0000, 0x0000, 0x0000, 0x0000, 0x0000, 0x0000, 0x0000, 0x0000, 0x0000, 0x0000, 0x0000, 0x0000, 0x0000, 0x0000,
    0x0000, 0x0000, 0x0000, 0x0000, 0x0000, 0x0000, 0x0000, 0x31CA, 0x0000, 0x0000, 0x0000, 0x0000, 0x0000, 0x0000, 0x0000, 0x0000,
    0x0000, 0x0000, 0x0000, 0x0000, 0x0000, 0x0000, 0x0000, 0x0000, 0x0000, 0x0000, 0x0000, 0x0000, 0x0000, 0x0000, 0x0000, 0x0000,
    0x0000, 0x0000, 0x0000, 0x0000, 0x0000, 0x0000, 0x0000, 0x0000, 0x0000, 0x0000, 0x0000, 0x0000, 0x0000, 0x0000, 0x0000, 0x0000,
    0x0000, 0x0000, 0x0000, 0x0000, 0x2125, 0x0000, 0x0000, 0x0000, 0x0000, 0x0000, 0x0000, 0x0000, 0x0000, 0x0000, 0x0000, 0x0000,
    0x0000, 0x0000, 0x0000, 0x0000, 0x0000, 0x0000, 0x0000, 0x320A, 0x0000, 0x322C, 0x0000, 0x0000, 0x0000, 0x0000, 0x0000, 0x0000,
    0x0000, 0x0000, 0x0000, 0x0000, 0x0000, 0x0000, 0x0000, 0x0000, 0x0000, 0x0000, 0x0000, 0x0000, 0x0000, 0x0000, 0x0000, 0x0000,
    0x0000, 0x0000, 0x0000, 0x0000, 0x0000, 0x0000, 0x0000, 0x0000, 0x0000, 0x0000, 0x0000, 0x0000, 0x0000, 0x0000, 0x0000, 0x0000,
    0x0000, 0x0000, 0x0000, 0x9D9B, 0xB61B, 0x21CE, 0x4A6F, 0x0000, 0x0000, 0x0000, 0x0000, 0x0000, 0x0000, 0x0000, 0x0000, 0x0000,
    0x0000, 0x0000, 0x0000, 0x0000, 0x0000, 0x0000, 0x0000, 0x0021, 0x10E5, 0x0000, 0x0000, 0x0000, 0x0000, 0x0000, 0x0000, 0x0000,
    0x0000, 0x0000, 0x0000, 0x0000, 0x0000, 0x0000, 0x0000, 0x0000, 0x0000, 0x0000, 0x0000, 0x0000, 0x0000, 0x0000, 0x0000, 0x0000,
    0x0000, 0x0000, 0x0000, 0x0000, 0x0000, 0x0000, 0x0000, 0x0000, 0x0000, 0x0000, 0x0000, 0x0000, 0x0000, 0x0000, 0x0000, 0x0000,
    0x0000, 0x0020, 0x8C74, 0x9D79, 0xEF9E, 0xE4E0, 0xFF03, 0x0000, 0x0000, 0x0000, 0x0000, 0x0000, 0x0000, 0x0000, 0x0000, 0x0000,
    0x0000, 0x0000, 0x0000, 0x0000, 0x0000, 0x0000, 0x0000, 0x0000, 0x1948, 0x0000, 0x0000, 0x0000, 0x0000, 0x0000, 0x0000, 0x0000,
    0x0000, 0x0000, 0x0000, 0x0000, 0x0000, 0x0000, 0x0000, 0x0000, 0x0000, 0x0000, 0x0000, 0x424C, 0xDF5E, 0xF7DE, 0x8D98, 0x0021,
    0x0000, 0x0000, 0x0000, 0x0000, 0x0000, 0x0000, 0x0000, 0x0000, 0x0000, 0x0000, 0x0000, 0x0000, 0x0000, 0x0000, 0x0000, 0x0000,
    0x0000, 0x0000, 0xC69C, 0xADDA, 0xC69D, 0xFE01, 0xFF01, 0x0000, 0x0000, 0x0000, 0x0000, 0x0000, 0x0000, 0x0000, 0x0000, 0x0000,
    0x0000, 0x0000, 0x0000, 0x0000, 0x0000, 0x0000, 0x0000, 0x0000, 0x0020, 0x0000, 0xBBA0, 0xB2E0, 0xFF61, 0xB483, 0xC320, 0x39C7,
    0x2945, 0x10C3, 0x18E4, 0x0841, 0x0020, 0x0000, 0x0000, 0x0020, 0x0020, 0x0882, 0x2989, 0xE77D, 0xD73F, 0x8C0D, 0x95FC, 0x6B2E,
    0x3B32, 0x0000, 0x0000, 0x0000, 0x0000, 0x0000, 0x0000, 0x0000, 0x0000, 0x0063, 0x0000, 0x0000, 0x0000, 0x0000, 0x0000, 0x0000,
    0x0000, 0xF7BF, 0xBE5D, 0xE77E, 0xBE5B, 0xFDE1, 0x314A, 0x0820, 0x0000, 0x0000, 0x0000, 0x0000, 0x0000, 0x0000, 0x0000, 0x0000,
    0x0000, 0x0000, 0x0000, 0x0000, 0x0000, 0x0000, 0xD520, 0xEEA1, 0x3A09, 0xD400, 0xF76A, 0xFFC7, 0x1040, 0xE643, 0xEDE0, 0x18C3,
    0x39E6, 0x31A6, 0x73AE, 0x73CF, 0x8451, 0x9D14, 0xAD96, 0xCE7A, 0xC637, 0x7412, 0x2145, 0xFFFF, 0x0861, 0x0000, 0x0842, 0x0864,
    0x10C5, 0xF7DF, 0xBE9C, 0x0000, 0xAE9E, 0x0000, 0x0000, 0x0000, 0x0000, 0x08E5, 0x0000, 0x0000, 0x0000, 0x0000, 0x0000, 0x0000,
    0x0000, 0xA5DB, 0x957A, 0x18E6, 0x7411, 0x9B43, 0x2129, 0x0840, 0x0000, 0x0000, 0x0000, 0x0000, 0x0000, 0x0000, 0x0000, 0x0000,
    0x0000, 0x0000, 0x0000, 0x0000, 0x0020, 0xFF40, 0xFFEB, 0xFFF4, 0xF742, 0x8BA3, 0xF76B, 0xD6F9, 0xB65C, 0x8B8C, 0x4249, 0x18E6,
    0x73D0, 0xC65B, 0xF7DF, 0xEF7E, 0xF79E, 0xFFFF, 0xF77D, 0xFFDF, 0xFFFF, 0xA578, 0x8CF6, 0x5B2F, 0xFFFF, 0xFFFF, 0xFFFF, 0xF7DF,
    0xF7BF, 0xF7DF, 0xF7DF, 0xFFFF, 0xFFBE, 0x857D, 0x326F, 0x0021, 0x0000, 0x2166, 0x0000, 0x0000, 0x0000, 0x0000, 0x0020, 0x2125,
    0xFFFF, 0xC67C, 0xEF9E, 0xD75E, 0x4A89, 0x41C6, 0x190C, 0x0861, 0x0000, 0x0000, 0x0000, 0x0000, 0x0000, 0x0000, 0x0000, 0x0000,
    0x0000, 0x0000, 0x0000, 0x0000, 0x0000, 0x0000, 0xFE20, 0xF560, 0x0860, 0xCB62, 0x0841, 0xCBE0, 0xFE82, 0xAB81, 0x3901, 0x1063,
    0x0820, 0x0841, 0xA3A5, 0x84B5, 0x9538, 0xFFDF, 0x957A, 0xDF1E, 0xF7BF, 0xF7DF, 0xFFFF, 0xE77E, 0x7C96, 0xBE3B, 0xC69C, 0x10A2,
    0x9D78, 0x10C3, 0xBE9D, 0xDF3D, 0xFFFF, 0xEF9F, 0xF7BF, 0x08D0, 0xF7FF, 0xE79F, 0x9DBC, 0x3A4C, 0xBEDE, 0xF79E, 0xFFFF, 0xF7BF,
    0x9D79, 0x9D9A, 0x9D57, 0x8455, 0x5A67, 0x20A5, 0x18C6, 0x82C0, 0x0000, 0x0000, 0x0000, 0x0000, 0x0000, 0x0000, 0x0000, 0x0000,
    0x0000, 0x0000, 0x0000, 0x0000, 0x0000, 0x0000, 0x0000, 0xC260, 0x2081, 0x0000, 0xF6A2, 0x2061, 0xFEC3, 0xFDE1, 0x4101, 0xB69E,
    0xBE1C, 0xEF7E, 0xD71E, 0xC67C, 0xCEBD, 0xCEBD, 0xADFB, 0xBE5C, 0x8CD7, 0x8D18, 0x8CF7, 0x8CF7, 0xC67B, 0xC67C, 0xBE3A, 0x6B90,
    0x0842, 0xBE5B, 0x8CF7, 0x29AA, 0x3271, 0x1A0E, 0x0022, 0xF7DF, 0x0067, 0xFFFF, 0x7CB7, 0xADD9, 0xFFFF, 0xFFFF, 0xEF9E, 0xCEFC,
    0xA599, 0x8518, 0xAE3C, 0xB63A, 0x5A43, 0x5AEB, 0x41A8, 0x4942, 0x0000, 0x0000, 0x0000, 0x0000, 0x0000, 0x0000, 0x0000, 0x0000,
    0x0000, 0x0000, 0x0000, 0x0000, 0x0000, 0x0000, 0x0000, 0x0000, 0x0000, 0x58E0, 0x6982, 0x8980, 0x69E0, 0x8A81, 0xD521, 0x84D7,
    0xB61C, 0xE77E, 0xD6DD, 0x7413, 0x9538, 0x8CD7, 0xAE1B, 0xB61B, 0xC67B, 0xAE1B, 0xADDA, 0x9538, 0xB63C, 0xBE3B, 0xB61B, 0x0000,
    0x7C53, 0x7C13, 0xBE5B, 0x0000, 0xE3CF, 0xFF36, 0xF7DF, 0xFFDF, 0xC69D, 0x296C, 0x20C5, 0x0000, 0x1081, 0x1084, 0xADFB, 0x2167,
    0x2987, 0xCEDD, 0xADFA, 0x8476, 0x959C, 0x7BD1, 0xAD51, 0xFF40, 0x0000, 0x0000, 0x0000, 0x0000, 0x0000, 0x0000, 0x0000, 0x0000,
    0x0000, 0x0000, 0x0000, 0x0000, 0x0000, 0x0000, 0x0863, 0x0042, 0x2147, 0x0022, 0x0841, 0xC360, 0x6A02, 0x92E3, 0x38C0, 0xCEBC,
    0xBDF9, 0x957A, 0x9D57, 0xF7BF, 0xFFDF, 0xC69C, 0xA578, 0xE73E, 0x9D79, 0xA579, 0x8CF8, 0x9D79, 0x8D18, 0xA5DA, 0xADFA, 0xB63C,
    0x10C3, 0x4B2E, 0xBE7C, 0x8D59, 0x7435, 0x0841, 0x0026, 0xF7DF, 0x0849, 0xDE59, 0xFF9E, 0x0001, 0x0000, 0x2126, 0xA5FB, 0xAE3B,
    0x2A0D, 0x1083, 0x0884, 0x1928, 0x84B8, 0x52CF, 0x3ACE, 0x2210, 0x0000, 0x08E7, 0x0085, 0x00A5, 0x00A7, 0x0000, 0x0000, 0x0000,
    0x0000, 0x0000, 0x0000, 0x0000, 0x0000, 0x0000, 0x0863, 0x18E5, 0x320B, 0x10C4, 0x0000, 0x0000, 0x0000, 0x28A1, 0xC2E0, 0x3A2D,
    0x4B30, 0xAE3C, 0xFFFF, 0xCEDC, 0xEFBE, 0x738F, 0xEFBF, 0x8CF6, 0xBE5C, 0xC67B, 0x3A4D, 0x21CC, 0x8CB5, 0x63B1, 0x6C12, 0xB65C,
    0xCEDD, 0xC6BC, 0xB5F9, 0xDF5F, 0xFFBE, 0x1925, 0x53F7, 0x0066, 0x114F, 0x7BAE, 0x2147, 0xD6BB, 0xC617, 0xEFBF, 0xC6DD, 0xE77E,
    0x63F6, 0x29ED, 0x19AB, 0x3AF1, 0x21AE, 0xBE5C, 0x7308, 0x4162, 0x0000, 0x0000, 0x0000, 0x0000, 0x0000, 0x0000, 0x0000, 0x0000,
    0x0000, 0x0000, 0x0000, 0x0000, 0x0000, 0x0000, 0x0883, 0x298A, 0x320C, 0x0862, 0x0000, 0x0000, 0x0000, 0x0000, 0x0000, 0x0885,
    0x2A4F, 0x198B, 0x21EC, 0x5BF2, 0x4311, 0x0020, 0x0022, 0x1929, 0x42AE, 0x3A2B, 0x0885, 0xFFFF, 0x2A8F, 0xE71E, 0x62ED, 0x322D,
    0x3A4D, 0x63B3, 0x7350, 0xFFFF, 0xEF5E, 0x0842, 0x0000, 0x116A, 0xFFFF, 0x6B6E, 0x0883, 0xBE3A, 0xFFFF, 0xBE5B, 0x84D7, 0x957A,
    0xDF1D, 0x84F9, 0x6457, 0x5BD5, 0x5B92, 0x42D1, 0x2147, 0x0000, 0x0000, 0x0000, 0x0000, 0x0000, 0x0000, 0x0000, 0x0000, 0x0000,
    0x0000, 0x0000, 0x0000, 0x0000, 0x0000, 0x0000, 0x0000, 0x31EB, 0x320B, 0x0000, 0x0000, 0x0000, 0x0000, 0x0000, 0x0000, 0x0000,
    0x0000, 0x0000, 0x21EC, 0x0062, 0x1129, 0x0085, 0x0884, 0x0021, 0x0022, 0x0000, 0x5BD7, 0x1108, 0x0864, 0x0043, 0x0862, 0x10A5,
    0x1929, 0x1907, 0x0821, 0x2989, 0xCE9D, 0x7C10, 0x0821, 0xF79E, 0xBE5B, 0x52CB, 0x0000, 0x6C15, 0x63F4, 0x4311, 0x21EC, 0x00A6,
    0x08E7, 0x0021, 0x0043, 0x0000, 0x0000, 0x0000, 0x0000, 0x0000, 0x0000, 0x0000, 0x0000, 0x0000, 0x0000, 0x0000, 0x0000, 0x0000,
    0x0000, 0x0000, 0x0000, 0x0000, 0x0000, 0x0000, 0x0000, 0x21A8, 0x3A0A, 0x0000, 0x0000, 0x0000, 0x0000, 0x0000, 0x0000, 0x0000,
    0x0000, 0x0000, 0x0000, 0x10E6, 0x94F5, 0xF7BF, 0xDF9F, 0x218A, 0x7435, 0xDF3D, 0x6C97, 0x4BF6, 0x1128, 0x08C6, 0x1127, 0x0863,
    0x0063, 0x08A3, 0x42EF, 0x63F5, 0x3AD1, 0x0020, 0x0020, 0x84FA, 0x3A8E, 0x0000, 0x0000, 0x0041, 0x7498, 0xC73F, 0x0021, 0x00A8,
    0x00EA, 0x00C9, 0x00EA, 0x016F, 0x014F, 0x0150, 0x0066, 0x0067, 0x0002, 0x0067, 0x0001, 0x0000, 0x0000, 0x0000, 0x0000, 0x0000,
    0x0000, 0x0000, 0x0000, 0x0000, 0x0000, 0x0000, 0x0000, 0x0000, 0x1021, 0x0000, 0x0000, 0x0000, 0x0000, 0x0000, 0x0000, 0x0000,
    0x0000, 0x0000, 0x0000, 0x0000, 0x0000, 0x6C77, 0x5BB3, 0xFFFF, 0xDF3E, 0xFFFF, 0xADDB, 0x43B6, 0x196A, 0x21CE, 0x2A4F, 0x0863,
    0x10E6, 0x8D16, 0x7C53, 0xA5DB, 0x9599, 0x08A6, 0x0000, 0x0000, 0x0000, 0x0000, 0x0000, 0x0000, 0x0020, 0x18C4, 0x0000, 0x0000,
    0x0000, 0x0000, 0x0000, 0x0020, 0x0000, 0x0000, 0x0000, 0x0000, 0x0022, 0x0001, 0x0001, 0x0000, 0x0000, 0x0000, 0x0000, 0x0000,
    0x0000, 0x0000, 0x0000, 0x0000, 0x0000, 0x0000, 0x0000, 0x0000, 0x0000, 0x0000, 0x0000, 0x0000, 0x0000, 0x0000, 0x0000, 0x0000,
    0x0000, 0x0000, 0x0000, 0x0000, 0x0000, 0x0000, 0x0000, 0x0000, 0x0000, 0x4AAC, 0x29EC, 0x118B, 0x198A, 0x0021, 0x0000, 0x0000,
    0x0000, 0x0020, 0x0000, 0x0000, 0x0000, 0x0000, 0x0000, 0x0000, 0x0000, 0x0000, 0x0000, 0x0000, 0x0000, 0x2127, 0x322B, 0x0020,
    0x0021, 0x0022, 0x0067, 0x033E, 0x0005, 0x0002, 0x0000, 0x0004, 0x0020, 0x0000, 0x0000, 0x0000, 0x0000, 0x0000, 0x0000, 0x0000,
    0x0000, 0x0000, 0x0000, 0x0000, 0x0000, 0x0000, 0x0000, 0x0000, 0x0000, 0x0000, 0x0000, 0x0000, 0x0000, 0x0000, 0x0000, 0x0000,
    0x0000, 0x0000, 0x0000, 0x0000, 0x0000, 0x0000, 0x0000, 0x0000, 0x63D2, 0xCEBD, 0xB61B, 0xADFB, 0x84D7, 0x63D3, 0x0000, 0x0000,
    0x0000, 0x0000, 0x0000, 0x0000, 0x0000, 0x0000, 0x0000, 0x0000, 0x0000, 0x0000, 0x0000, 0x0000, 0x0000, 0x18E6, 0x1906, 0x551C,
    0xF7BF, 0xB77F, 0xFFFF, 0xFFFF, 0x555F, 0x44BD, 0x4CBC, 0x0199, 0x00EF, 0x0002, 0x01AE, 0x00A8, 0x00A7, 0x0000, 0x0000, 0x0000,
    0x0000, 0x0000, 0x0000, 0x0000, 0x0000, 0x0000, 0x0000, 0x0000, 0x0000, 0x0000, 0x0000, 0x0000, 0x0000, 0x0000, 0x0000, 0x0000,
    0x0000, 0x0000, 0x0000, 0x0000, 0x0000, 0x0000, 0x0000, 0x0000, 0x0000, 0x5B70, 0x8474, 0xADB9, 0x9D78, 0x7415, 0x0000, 0x0000,
    0x0000, 0x0000, 0x0000, 0x0000, 0x0000, 0x0000, 0x0000, 0x0000, 0x0000, 0x0000, 0x0000, 0x0000, 0x0000, 0x0000, 0x0000, 0x0000,
    0x0000, 0x0042, 0x01F4, 0x0063, 0x0150, 0x00D1, 0x0231, 0x0174, 0x00EB, 0x0023, 0x010A, 0x0064, 0x0001, 0x0000, 0x0000, 0x0000,
    0x0000, 0x0000, 0x0000, 0x0000, 0x0000, 0x0000, 0x0000, 0x0000, 0x0000, 0x0000, 0x0000, 0x0000, 0x0000, 0x0000, 0x0000, 0x0000,
    0x0000, 0x0000, 0x0000, 0x0000, 0x0000, 0x0000, 0x0000, 0x0000, 0x0000, 0x0862, 0x0021, 0x0042, 0x0000, 0x0000, 0x0000, 0x0000,
    0x0000, 0x0000, 0x0000, 0x0000, 0x0000, 0x0000, 0x0000, 0x0000, 0x0000, 0x0000, 0x0000, 0x0000, 0x0000, 0x0000, 0x0000, 0x0000,
    0x0000, 0x0000, 0x0000, 0x0000, 0x0000, 0x0000, 0x0000, 0x0000, 0x0000, 0x0000, 0x0000, 0x0000, 0x0000, 0x0000, 0x0000, 0x0000,
    0x0000, 0x0000, 0x0000, 0x0000, 0x0000, 0x0000, 0x0000, 0x0000, 0x0000, 0x0000, 0x0000, 0x0000, 0x0000, 0x0000, 0x0000, 0x0000,
    0x0000, 0x0000, 0x0000, 0x0000, 0x0000, 0x0000, 0x0000, 0x0000, 0x0000, 0x0000, 0x0000, 0x0000, 0x0000, 0x0000, 0x0000, 0x0000,
    0x0000, 0x0000, 0x0000, 0x0000, 0x0000, 0x0000, 0x0000, 0x0000, 0x0000, 0x0000, 0x0000, 0x0000, 0x0000, 0x0000, 0x0000, 0x0000,
    0x0000, 0x0000, 0x0000, 0x0000, 0x0000, 0x0000, 0x0000, 0x0000, 0x0000, 0x0000, 0x0000, 0x0000, 0x0000, 0x0000, 0x0000, 0x0000,
    0x0000, 0x0000, 0x0000, 0x0000, 0x0000, 0x0000, 0x0000, 0x0000, 0x0000, 0x0000, 0x0000, 0x0000, 0x0000, 0x0000, 0x0000, 0x0000,
    0x0000, 0x0000, 0x0000, 0x0000, 0x0000, 0x0000, 0x0000, 0x0000, 0x0000, 0x0000, 0x0000, 0x0000, 0x0000, 0x0000, 0x0000, 0x0000,
    0x0000, 0x0000, 0x0000, 0x0000, 0x0000, 0x0000, 0x0000, 0x0000, 0x0000, 0x0000, 0x0000, 0x0000, 0x0000, 0x0000, 0x0000, 0x0000,
    0x0000, 0x0000, 0x0000, 0x0000, 0x0000, 0x0000, 0x0000, 0x0000, 0x0000, 0x0000, 0x0000, 0x0000, 0x0000, 0x0000, 0x0000, 0x0000,
    0x0000, 0x0000, 0x0000, 0x0000, 0x0000, 0x0000, 0x0000, 0x0000, 0x0000, 0x0000, 0x0000, 0x0000, 0x0000, 0x0000, 0x0000, 0x0000,
    0x0000, 0x0000, 0x0000, 0x0000, 0x0000, 0x0000, 0x0000, 0x0000, 0x0000, 0x0000, 0x0000, 0x0000, 0x0000, 0x0000, 0x0000, 0x0000,
    0x0000, 0x0000, 0x0000, 0x0000, 0x0000, 0x0000, 0x0000, 0x0000, 0x0000, 0x0000, 0x0000, 0x0000, 0x0000, 0x0000, 0x0000, 0x0000,
    0x0000, 0x0000, 0x0000, 0x0000, 0x0000, 0x0000, 0x0000, 0x0000, 0x0000, 0x0000, 0x0000, 0x0000, 0x0000, 0x0000, 0x0000, 0x0000,
    0x0000, 0x0000, 0x0000, 0x0000, 0x0000, 0x0000, 0x0000, 0x0000, 0x0000, 0x0000, 0x0000, 0x0000, 0x0000, 0x0000, 0x0000, 0x0000,
    0x0000, 0x0000, 0x0000, 0x0000, 0x0000, 0x0000, 0x0000, 0x0000, 0x0000, 0x0000, 0x0000, 0x0000, 0x0000, 0x0000, 0x0000, 0x0000,
    0x0000, 0x0000, 0x0000, 0x0000, 0x0000, 0x0000, 0x0000, 0x0000, 0x0000, 0x0000, 0x0000, 0x0000, 0x0000, 0x0000, 0x0000, 0x0000,
    0x0000, 0x0000, 0x0000, 0x0000, 0x0000, 0x0000, 0x0000, 0x0000, 0x0000, 0x0000, 0x0000, 0x0000, 0x0000, 0x0000, 0x0000, 0x0000,
};

constexpr uint16_t kSpriteLearjet45[2048] = {
    0x0020, 0x0000, 0x0000, 0x0000, 0x0000, 0x0000, 0x0000, 0x0000, 0x0000, 0x0000, 0x0000, 0x0000, 0x0000, 0x0000, 0x0000, 0x0000,
    0x0000, 0x0000, 0x0000, 0x0000, 0x0000, 0x0000, 0x0000, 0x0000, 0x0000, 0x0000, 0x0000, 0x0000, 0x0000, 0x0000, 0x0000, 0x0000,
    0x0000, 0x0000, 0x0000, 0x0000, 0x0000, 0x0000, 0x0000, 0x0000, 0x0000, 0x0000, 0x0000, 0x0000, 0x0000, 0x0000, 0x0000, 0x0000,
    0x0000, 0x0000, 0x0000, 0x0000, 0x0000, 0x0000, 0x0000, 0x0000, 0x0000, 0x0000, 0x0000, 0x0000, 0x0000, 0x0000, 0x0000, 0x0000,
    0x0000, 0x0000, 0x0000, 0x0000, 0x0000, 0x0000, 0x0000, 0x0000, 0x0000, 0x0000, 0x0000, 0x0000, 0x0000, 0x0000, 0x0000, 0x0000,
    0x0000, 0x0000, 0x0000, 0x0000, 0x0000, 0x0000, 0x0000, 0x0000, 0x0000, 0x0000, 0x0000, 0x0000, 0x0000, 0x0000, 0x0000, 0x0000,
    0x0000, 0x0000, 0x0000, 0x0000, 0x0000, 0x0000, 0x0000, 0x0000, 0x0000, 0x0000, 0x0000, 0x0000, 0x0000, 0x0000, 0x0000, 0x0000,
    0x0000, 0x0000, 0x0000, 0x0000, 0x0000, 0x0000, 0x0000, 0x0000, 0x0000, 0x0000, 0x0000, 0x0000, 0x0000, 0x0000, 0x0000, 0x0000,
    0x0000, 0x0000, 0x0000, 0x0000, 0x0000, 0x0000, 0x0000, 0x0000, 0x0000, 0x0000, 0x0000, 0x0000, 0x0000, 0x0000, 0x0000, 0x0000,
    0x0000, 0x0000, 0x0000, 0x0000, 0x0000, 0x0000, 0x0000, 0x0000, 0x0000, 0x0000, 0x0000, 0x0000, 0x0000, 0x0000, 0x0000, 0x0000,
    0x0000, 0x0000, 0x0000, 0x0000, 0x0000, 0x0000, 0x0000, 0x0000, 0x0000, 0x0000, 0x0000, 0x0000, 0x0000, 0x0000, 0x0000, 0x0000,
    0x0000, 0x0000, 0x0000, 0x0000, 0x0000, 0x0000, 0x0000, 0x0000, 0x0000, 0x0000, 0x0000, 0x0000, 0x0000, 0x0000, 0x0000, 0x0000,
    0x0000, 0x0000, 0x0000, 0x0000, 0x0000, 0x0000, 0x0000, 0x0000, 0x0000, 0x0000, 0x0000, 0x0000, 0x0000, 0x0000, 0x0000, 0x0000,
    0x0000, 0x0000, 0x0000, 0x0000, 0x0000, 0x0000, 0x0000, 0x0000, 0x0000, 0x0000, 0x0000, 0x0000, 0x0000, 0x0000, 0x0000, 0x0000,
    0x0000, 0x0000, 0x0000, 0x0000, 0x0000, 0x0000, 0x0000, 0x0000, 0x0000, 0x0000, 0x0000, 0x0000, 0x0000, 0x0000, 0x0000, 0x0000,
    0x0000, 0x0000, 0x0000, 0x0000, 0x0000, 0x0000, 0x0000, 0x0000, 0x0000, 0x0000, 0x0000, 0x0000, 0x0000, 0x0000, 0x0000, 0x0000,
    0x0000, 0x0000, 0x0000, 0x0000, 0x0000, 0x0000, 0x0000, 0x0000, 0x0000, 0x0000, 0x0000, 0x0000, 0x0000, 0x0000, 0x0000, 0x0000,
    0x0000, 0x0000, 0x0000, 0x0000, 0x0000, 0x0000, 0x0000, 0x0000, 0x0000, 0x0000, 0x0000, 0x0000, 0x0000, 0x0000, 0x0000, 0x0000,
    0x0000, 0x0000, 0x0000, 0x0000, 0x0000, 0x0000, 0x0000, 0x0000, 0x0000, 0x0000, 0x0000, 0x0000, 0x0000, 0x0000, 0x0000, 0x0000,
    0x0000, 0x0000, 0x0000, 0x0000, 0x0000, 0x0000, 0x0000, 0x0000, 0x0000, 0x0000, 0x0000, 0x0000, 0x0000, 0x0000, 0x0000, 0x0000,
    0x0000, 0x0000, 0x0000, 0x0000, 0x0000, 0x0000, 0x0000, 0x0000, 0x0000, 0x0000, 0x0000, 0x0000, 0x0000, 0x0000, 0x0000, 0x0000,
    0x0000, 0x0000, 0x0000, 0x0000, 0x0000, 0x0000, 0x0000, 0x0000, 0x0000, 0x0000, 0x0000, 0x0000, 0x0000, 0x0000, 0x0000, 0x0000,
    0x0000, 0x0000, 0x0000, 0x0000, 0x0000, 0x0000, 0x0000, 0x0000, 0x0000, 0x0000, 0x0000, 0x0000, 0x0000, 0x0000, 0x0000, 0x0000,
    0x0000, 0x0000, 0x0000, 0x0000, 0x0000, 0x0000, 0x0000, 0x0000, 0x0000, 0x0020, 0x0020, 0x0020, 0x0000, 0x0000, 0x0000, 0x0000,
    0x0000, 0x0000, 0x0000, 0x0000, 0x0000, 0x0000, 0x0000, 0x0000, 0x0000, 0x0000, 0x0000, 0x0000, 0x0000, 0x0000, 0x0000, 0x0000,
    0x0000, 0x0000, 0x0000, 0x0000, 0x0000, 0x0000, 0x0000, 0x0000, 0x0000, 0x0000, 0x0000, 0x0000, 0x0000, 0x0000, 0x0000, 0x0000,
    0x0000, 0x0000, 0x0000, 0x0000, 0x0000, 0x0000, 0x0000, 0x0000, 0x0000, 0x0000, 0x0000, 0x0000, 0x0000, 0x0000, 0x0000, 0x0000,
    0x0000, 0x0000, 0x0000, 0xF8C1, 0xF7FF, 0xFFFF, 0xBD75, 0xF79D, 0xBE5B, 0x29F0, 0x7477, 0x8519, 0x428C, 0x0000, 0x0000, 0x0000,
    0x0000, 0x0000, 0x0000, 0x0000, 0x0000, 0x0000, 0x0000, 0x0000, 0x0000, 0x0000, 0x0000, 0x0000, 0x0000, 0x0000, 0x0000, 0x0000,
    0x0000, 0x0000, 0x0000, 0x0000, 0x0000, 0x0000, 0x0000, 0x0000, 0x0000, 0x0000, 0x0000, 0x0000, 0x0000, 0x0000, 0x0000, 0x0000,
    0x0000, 0x0000, 0x0000, 0x0000, 0x0000, 0x0000, 0x0000, 0x0000, 0x0000, 0x0000, 0x0000, 0x0000, 0x0000, 0x0000, 0x0000, 0x0000,
    0x0000, 0x0000, 0xE903, 0xBA2A, 0xFFFF, 0x5372, 0x3AB0, 0x84F8, 0x9DB9, 0x52AC, 0x0820, 0x0000, 0x0000, 0x0000, 0x0000, 0x0000,
    0x0000, 0x0000, 0x0000, 0x0000, 0x0000, 0x0000, 0x0000, 0x0000, 0x0000, 0x0000, 0x0000, 0x0000, 0x0000, 0x0000, 0x0000, 0x0000,
    0x0000, 0x0000, 0x0000, 0x0000, 0x0000, 0x0000, 0x0000, 0x0000, 0x0000, 0x0000, 0x0000, 0x0000, 0x0000, 0x0000, 0x0000, 0x0000,
    0x0000, 0x0000, 0x0000, 0x0000, 0x0000, 0x0000, 0x0000, 0x0000, 0x0000, 0x0000, 0x0000, 0x0000, 0x0000, 0x0000, 0x0000, 0x0000,
    0x428C, 0x29C9, 0xC801, 0xA61B, 0x9DBB, 0x95BB, 0x7C98, 0x6C58, 0x1000, 0x0000, 0x0000, 0x0000, 0x0000, 0x0000, 0x0000, 0x0000,
    0x0000, 0x0000, 0x0000, 0x0000, 0x0000, 0x0000, 0x0000, 0x0000, 0x0000, 0x0000, 0x0000, 0x0000, 0x0000, 0x0000, 0x0000, 0x0000,
    0x0000, 0x0000, 0x0000, 0x0000, 0x0000, 0x0000, 0x0000, 0x0000, 0x0000, 0x0000, 0x0000, 0x0000, 0x0000, 0x0000, 0x0000, 0x0000,
    0x0000, 0x0000, 0x0000, 0x0000, 0x0000, 0x0000, 0x0000, 0x0000, 0x0000, 0x0000, 0x0000, 0x0000, 0x0000, 0x0000, 0x0000, 0x0000,
    0x0000, 0xE861, 0xD659, 0xF7BF, 0xE73D, 0x9DDC, 0xAE5D, 0x0000, 0x0000, 0x0000, 0x0000, 0x0000, 0x0000, 0x0000, 0x0000, 0x0000,
    0x0000, 0x0000, 0x0000, 0x0000, 0x0000, 0x0000, 0x0000, 0x0000, 0x0000, 0x0000, 0x0000, 0x0000, 0x0000, 0x0000, 0x0000, 0x0000,
    0x0000, 0x0000, 0x0000, 0x0000, 0x0000, 0x0000, 0x0000, 0x0000, 0x0000, 0x0000, 0x0000, 0x0000, 0x0000, 0x0000, 0x0000, 0x0000,
    0x0000, 0x0000, 0x0000, 0x0000, 0x0000, 0x0000, 0x0000, 0x0000, 0x0000, 0x0000, 0x0000, 0x0000, 0x0000, 0x0000, 0x0000, 0x0000,
    0x3000, 0xE6BC, 0xFFFF, 0xFFFF, 0xA5DB, 0xB65E, 0x9D56, 0x0020, 0x0000, 0x0000, 0x0000, 0x0000, 0x0000, 0x0000, 0x0000, 0x0000,
    0x0000, 0x0000, 0x0000, 0x0000, 0x0000, 0x0000, 0x0000, 0x0000, 0x0000, 0x0000, 0x0000, 0x0000, 0x0000, 0x0000, 0x0000, 0x0000,
    0x0000, 0x0000, 0x0000, 0x0000, 0x0000, 0x0000, 0x0000, 0x0000, 0x0000, 0x0000, 0x0000, 0x0000, 0x0000, 0x0000, 0x0000, 0x0000,
    0x0000, 0x0000, 0x0000, 0x0000, 0x0000, 0x0000, 0x0000, 0x0000, 0x0000, 0x0000, 0x0000, 0x0000, 0x0000, 0x0000, 0x0000, 0x0000,
    0xFF5D, 0xFFFF, 0xFFFF, 0xFFFF, 0xF7DF, 0x959C, 0x0020, 0x0000, 0x0000, 0x0000, 0x0000, 0x0000, 0x0000, 0x0000, 0x0000, 0x0000,
    0x0000, 0x0000, 0x0000, 0x0000, 0x0000, 0x0000, 0x0000, 0x0000, 0x0000, 0x0000, 0x0000, 0x0000, 0x0000, 0x0000, 0x0000, 0x0000,
    0x0000, 0x0000, 0x0000, 0x0000, 0x0000, 0x0000, 0x0000, 0x0000, 0x0000, 0x0000, 0x0000, 0x0000, 0x0000, 0x0000, 0x0000, 0x0000,
    0x0000, 0x0000, 0x0000, 0x0000, 0x0000, 0x0000, 0x0000, 0x0000, 0x0000, 0x0000, 0x0000, 0x0000, 0x0000, 0x0000, 0x0020, 0xDC93,
    0x63F4, 0xADBA, 0xCE9B, 0x5290, 0x3212, 0xFFDF, 0x0000, 0x0000, 0x0000, 0x0000, 0x0000, 0x0000, 0x0000, 0x0000, 0x0000, 0x0000,
    0x0000, 0x0000, 0x0000, 0x0000, 0x0000, 0x0000, 0x0000, 0x0000, 0x0000, 0x0000, 0x0000, 0x0000, 0x0000, 0x0000, 0x0000, 0x0000,
    0x0000, 0x0000, 0x0000, 0x0000, 0x0000, 0x0000, 0x0000, 0x0000, 0x0000, 0x0000, 0x0000, 0x0000, 0x0000, 0x0000, 0x0000, 0x0000,
    0x0000, 0x0000, 0x0000, 0x0000, 0x0000, 0x0000, 0x0000, 0x0000, 0x0000, 0x0000, 0x0000, 0x0000, 0x0000, 0x0000, 0xCE3C, 0xF7BF,
    0xDEFC, 0xD6DC, 0xF7BE, 0xAD99, 0xCEBD, 0x0041, 0x0020, 0x0000, 0x0000, 0x0000, 0x0000, 0x0000, 0x0000, 0x0000, 0x0000, 0x0000,
    0x0000, 0x0000, 0x0000, 0x0000, 0x0000, 0x0000, 0x0000, 0x0000, 0x0000, 0x0000, 0x0000, 0x0000, 0x0000, 0x0000, 0x0000, 0x0000,
    0x0000, 0x0000, 0x0000, 0x0000, 0x0000, 0x0000, 0x0000, 0x0000, 0x0000, 0x1061, 0x0020, 0x0020, 0x0000, 0x0000, 0x0000, 0x0020,
    0x0000, 0x0000, 0x0000, 0x2987, 0xFFBD, 0xFFDE, 0xEF9E, 0xD75F, 0x530E, 0x0000, 0x0020, 0x0020, 0x0000, 0x5B0F, 0xF7BF, 0xE77E,
    0xC69C, 0xF7BF, 0xEF9E, 0xFFFF, 0xFFDF, 0x0000, 0x0000, 0x0000, 0x0000, 0x0000, 0x0000, 0x0000, 0x0000, 0x0000, 0x0000, 0x0000,
    0x0000, 0x0000, 0x0000, 0x0000, 0x0000, 0x0000, 0x0000, 0x0000, 0x0000, 0x0000, 0x0000, 0xFFFF, 0xFFDF, 0xFFFF, 0xE79F, 0xCEDE,
    0xFFFF, 0xF7DF, 0xEF7F, 0xFFDF, 0xEF9F, 0xF7BF, 0xFFFF, 0xFFFF, 0xF7BE, 0xEFDF, 0xDF5F, 0xDF5F, 0xCEDF, 0xCEDE, 0xBE7D, 0x955A,
    0x9D9B, 0x7435, 0x63D5, 0x0000, 0xFFDF, 0xFFFF, 0xFFFF, 0xF7BF, 0xFFDF, 0xDF5F, 0xBE7A, 0xFFFF, 0xFFFF, 0xFFFF, 0xFFDF, 0xEF9E,
    0xDF5E, 0xF7BE, 0xFFFF, 0xFFFF, 0x0000, 0x0000, 0x0000, 0x0000, 0x0000, 0x0000, 0x0000, 0x0000, 0x0000, 0x0000, 0x0000, 0x0000,
    0x0000, 0x0000, 0x0000, 0x0000, 0x0000, 0x0000, 0x0000, 0x0000, 0x0000, 0x0000, 0x0025, 0x0045, 0x0000, 0xBE17, 0x95BB, 0x0002,
    0xC69C, 0xFFFF, 0xFFDF, 0xF7DF, 0xFFDF, 0xFFFF, 0xFFFF, 0xFFFF, 0xF7DF, 0xF7DF, 0xF79E, 0xFFDF, 0xFFFF, 0xF7BF, 0xF7DF, 0xFFFF,
    0xFFFF, 0xFFFF, 0x9E1C, 0x0000, 0xE75D, 0xC6DE, 0xFFFF, 0xDF1E, 0xDF3E, 0xE75E, 0x59A7, 0xCE9D, 0xFFDF, 0xFFFF, 0xF7DF, 0xAE1C,
    0x8D5B, 0x18CC, 0x62F0, 0xA578, 0x0021, 0x0000, 0x0000, 0x0000, 0x0000, 0x0000, 0x0000, 0x0000, 0x0000, 0x0000, 0x0000, 0x0000,
    0x0000, 0x0000, 0x0000, 0x0000, 0x0000, 0x0000, 0x0000, 0x0020, 0x18C3, 0x0000, 0x0820, 0x21C9, 0x6BB1, 0xFFFF, 0xBE7E, 0xEFBF,
    0xCEDD, 0x2BB7, 0x092A, 0x7435, 0xFFFF, 0x1271, 0x016E, 0xFFFF, 0xC6FE, 0x0044, 0x19CD, 0xFFDF, 0x0022, 0xE73D, 0xFFFF, 0x0086,
    0xFFFF, 0xE75E, 0x857C, 0x5B90, 0xE75E, 0xDF3E, 0xEF9E, 0xDF1D, 0xCF1E, 0xCE9D, 0x0020, 0xB63B, 0xFFDF, 0xFFDF, 0xFFFF, 0xFFFF,
    0xD598, 0xF5D6, 0xF52F, 0xFE18, 0xB8C4, 0x0000, 0x0000, 0x0000, 0x0020, 0x0000, 0x0001, 0x0000, 0x0000, 0x0000, 0x0000, 0x0000,
    0x0000, 0x0000, 0x0000, 0x0000, 0x0000, 0x0020, 0x951A, 0xF7DF, 0xFFFF, 0xFFFF, 0xFFDF, 0xFFFF, 0xF7BF, 0xFFFF, 0x9D9C, 0xE75F,
    0xCEDE, 0xF7BF, 0xEF5D, 0xFFFF, 0xFFDF, 0xE73D, 0xB619, 0xFFDF, 0xFFFF, 0xCE39, 0xEF5D, 0xF7DF, 0xCE9A, 0xFFFF, 0xFFFF, 0x8474,
    0xF7DF, 0xFFFF, 0xFFFF, 0x08EB, 0x959B, 0xA61D, 0xAE3D, 0x7CDA, 0x74FA, 0x4B35, 0x2A0D, 0x2169, 0xDA49, 0xDBB1, 0xF6D3, 0xFAAA,
    0xAE9F, 0xCCD3, 0x5338, 0xF79E, 0x0000, 0x0004, 0x0022, 0x0003, 0x00AB, 0x0004, 0x0001, 0x0000, 0x0000, 0x0000, 0x0000, 0x0000,
    0x0000, 0x0000, 0x0020, 0x0001, 0xF7BF, 0xFFFF, 0xFFFF, 0xFFFF, 0xF7BE, 0xE77E, 0xCEFE, 0xB69F, 0xA6BF, 0xBEBF, 0x7CDB, 0x959C,
    0x4398, 0x74DB, 0x7D1B, 0x6CBA, 0x8D1B, 0xADDC, 0xA59B, 0xADBC, 0x3377, 0x43F8, 0x3BB8, 0x441A, 0x6CBB, 0x22D8, 0x1192, 0x1191,
    0x3B96, 0x0882, 0x51CD, 0x1082, 0x0820, 0x0821, 0x0800, 0x0000, 0x30C2, 0x5968, 0x9455, 0x7D5D, 0x853C, 0x8CD7, 0x10E8, 0xF7BF,
    0xFFDF, 0xFFDF, 0xFFFF, 0xFFFF, 0x0000, 0x0000, 0x0000, 0x0000, 0x0000, 0x0000, 0x0000, 0x0000, 0x0000, 0x0000, 0x0000, 0x0000,
    0x0000, 0x0000, 0x0841, 0xF79E, 0xC6FE, 0x757C, 0x3AF5, 0x4B54, 0x296F, 0x006D, 0x5046, 0xE882, 0xC801, 0xE000, 0xE040, 0xF861,
    0xD040, 0xC800, 0xC000, 0xD041, 0xE800, 0xE820, 0xF840, 0xF820, 0xD861, 0xE000, 0xF000, 0xF020, 0xF840, 0xF8A1, 0xE801, 0xF861,
    0xF820, 0xB77F, 0xAC18, 0xD843, 0x3843, 0x3864, 0x2821, 0x3800, 0x5AD0, 0x83F7, 0xE79F, 0xEFBF, 0xD75F, 0xB69E, 0x9E3D, 0x4AF1,
    0x0000, 0x0000, 0x0000, 0x0000, 0x0020, 0x0000, 0x0000, 0x0000, 0x0000, 0x0000, 0x0000, 0x0000, 0x0000, 0x0000, 0x0000, 0x0000,
    0x0000, 0x0000, 0x0000, 0x0020, 0x0042, 0x19ED, 0x19EE, 0x4354, 0x2273, 0x32D3, 0x42D3, 0x3B33, 0x2A90, 0x2AB1, 0x1A2E, 0x2AB0,
    0x328F, 0x326F, 0x42B0, 0x5352, 0x4B13, 0x5BD6, 0x7498, 0x52F0, 0xCEBD, 0xCE7C, 0xCE9C, 0xD6BD, 0xDF3E, 0xBE3B, 0xD69B, 0xFFDF,
    0xF7DF, 0xE73E, 0xB65C, 0x957A, 0xCEBD, 0xD6FE, 0xC6BD, 0xBE9D, 0xBE7D, 0x84FB, 0x6C38, 0x2A70, 0x08A7, 0x0000, 0x0021, 0x0001,
    0x021E, 0x029F, 0x029E, 0x0134, 0x029F, 0x025F, 0x00EE, 0x0001, 0x0024, 0x0024, 0x0003, 0x0001, 0x0001, 0x0000, 0x0000, 0x0000,
    0x0000, 0x0000, 0x0000, 0x0000, 0x0000, 0x0000, 0x0000, 0x0000, 0x0000, 0x0000, 0x0000, 0x0000, 0x0000, 0x0000, 0x0000, 0x0000,
    0x0000, 0x0000, 0x0000, 0x0000, 0x0000, 0x4333, 0x7CB9, 0xF79E, 0xFFDF, 0xFFFF, 0xD71C, 0xBE5C, 0xC69C, 0xF7DF, 0xF7DF, 0xCEBD,
    0xBE3B, 0xB5FA, 0xAE1C, 0xFFFF, 0xDF5E, 0x8D39, 0x3AB2, 0x4BD7, 0x4C16, 0x0000, 0x0001, 0x0000, 0x0000, 0x0000, 0x0001, 0x0000,
    0x0000, 0x0001, 0x0110, 0x0000, 0x0198, 0x0021, 0x0089, 0x0001, 0x0024, 0x0001, 0x0001, 0x0001, 0x0000, 0x0000, 0x0000, 0x0000,
    0x0000, 0x0000, 0x0000, 0x0000, 0x0000, 0x0000, 0x0000, 0x0000, 0x0000, 0x0000, 0x0000, 0x0000, 0x0000, 0x0000, 0x0000, 0x0000,
    0x0000, 0x0000, 0x0000, 0x0000, 0x0000, 0x0000, 0x0000, 0x29CB, 0x7CFB, 0xC71E, 0x7C76, 0x6C98, 0x6C78, 0x5C16, 0x6C98, 0x74B8,
    0x6458, 0x1969, 0x224E, 0x3290, 0x3A8D, 0x8C91, 0x0000, 0x0020, 0x0000, 0x0021, 0x0000, 0x0000, 0x0000, 0x0001, 0x0000, 0x0000,
    0x0000, 0x0001, 0x0001, 0x0000, 0x0001, 0x0000, 0x0000, 0x0000, 0x0000, 0x0000, 0x0000, 0x0000, 0x0000, 0x0000, 0x0000, 0x0000,
    0x0000, 0x0000, 0x0000, 0x0000, 0x0000, 0x0000, 0x0000, 0x0000, 0x0000, 0x0000, 0x0000, 0x0000, 0x0000, 0x0000, 0x0000, 0x0000,
    0x0000, 0x0000, 0x0000, 0x0000, 0x0000, 0x0000, 0x0000, 0x0000, 0x0000, 0x0000, 0x21CB, 0x10C7, 0x2A52, 0x32D3, 0x3B33, 0x2AB2,
    0x32B1, 0x3A8E, 0x0021, 0x0152, 0x0001, 0x141F, 0x2D1F, 0x7EFF, 0xBF5F, 0xEFBF, 0xF7DF, 0xFFDF, 0xFFFF, 0xFFFF, 0x865F, 0xDF9F,
    0x34DE, 0x0BDD, 0xDF9E, 0x037D, 0x1C5E, 0x01B5, 0x02DD, 0x029B, 0x0044, 0x0043, 0x0024, 0x0001, 0x0000, 0x0000, 0x0000, 0x0000,
    0x0000, 0x0000, 0x0000, 0x0000, 0x0000, 0x0000, 0x0000, 0x0000, 0x0000, 0x0000, 0x0000, 0x0000, 0x0000, 0x0000, 0x0000, 0x0000,
    0x0000, 0x0000, 0x0000, 0x0000, 0x0000, 0x0000, 0x0000, 0x0000, 0x0000, 0x0000, 0x0000, 0x0000, 0x0000, 0x0000, 0x0000, 0x0000,
    0x0000, 0x0000, 0x0000, 0x0000, 0x0000, 0x0000, 0x0000, 0x0000, 0x0000, 0x0000, 0x0000, 0x0000, 0x012E, 0x0000, 0x0236, 0x0132,
    0x00CB, 0x0110, 0x01B5, 0x01D3, 0x01BC, 0x00A8, 0x01B6, 0x0002, 0x00AF, 0x00AA, 0x0044, 0x0000, 0x0000, 0x0000, 0x0000, 0x0000,
    0x0000, 0x0000, 0x0000, 0x0000, 0x0000, 0x0000, 0x0000, 0x0000, 0x0000, 0x0000, 0x0000, 0x0000, 0x0000, 0x0000, 0x0000, 0x0000,
    0x0000, 0x0000, 0x0000, 0x0000, 0x0000, 0x0000, 0x0000, 0x0000, 0x0000, 0x0000, 0x0000, 0x0000, 0x0000, 0x0000, 0x0000, 0x0000,
    0x0000, 0x0000, 0x0000, 0x0000, 0x0000, 0x0000, 0x0000, 0x0000, 0x0000, 0x0000, 0x0000, 0x0000, 0x0000, 0x0000, 0x0000, 0x0000,
    0x0000, 0x0000, 0x0000, 0x0000, 0x0000, 0x0000, 0x0000, 0x0000, 0x0000, 0x0000, 0x0000, 0x0000, 0x0000, 0x0000, 0x0000, 0x0000,
    0x0000, 0x0000, 0x0000, 0x0000, 0x0000, 0x0000, 0x0000, 0x0000, 0x0000, 0x0000, 0x0000, 0x0000, 0x0000, 0x0000, 0x0000, 0x0000,
    0x0000, 0x0000, 0x0000, 0x0000, 0x0000, 0x0000, 0x0000, 0x0000, 0x0000, 0x0000, 0x0000, 0x0000, 0x0000, 0x0000, 0x0000, 0x0000,
    0x0000, 0x0000, 0x0000, 0x0000, 0x0000, 0x0000, 0x0000, 0x0000, 0x0000, 0x0000, 0x0000, 0x0000, 0x0000, 0x0000, 0x0000, 0x0000,
    0x0000, 0x0000, 0x0000, 0x0000, 0x0000, 0x0000, 0x0000, 0x0000, 0x0000, 0x0000, 0x0000, 0x0000, 0x0000, 0x0000, 0x0000, 0x0000,
    0x0000, 0x0000, 0x0000, 0x0000, 0x0000, 0x0000, 0x0000, 0x0000, 0x0000, 0x0000, 0x0000, 0x0000, 0x0000, 0x0000, 0x0000, 0x0000,
    0x0000, 0x0000, 0x0000, 0x0000, 0x0000, 0x0000, 0x0000, 0x0000, 0x0000, 0x0000, 0x0000, 0x0000, 0x0000, 0x0000, 0x0000, 0x0000,
    0x0000, 0x0000, 0x0000, 0x0000, 0x0000, 0x0000, 0x0000, 0x0000, 0x0000, 0x0000, 0x0000, 0x0000, 0x0000, 0x0000, 0x0000, 0x0000,
    0x0000, 0x0000, 0x0000, 0x0000, 0x0000, 0x0000, 0x0000, 0x0000, 0x0000, 0x0000, 0x0000, 0x0000, 0x0000, 0x0000, 0x0000, 0x0000,
    0x0000, 0x0000, 0x0000, 0x0000, 0x0000, 0x0000, 0x0000, 0x0000, 0x0000, 0x0000, 0x0000, 0x0000, 0x0000, 0x0000, 0x0000, 0x0000,
    0x0000, 0x0000, 0x0000, 0x0000, 0x0000, 0x0000, 0x0000, 0x0000, 0x0000, 0x0000, 0x0000, 0x0000, 0x0000, 0x0000, 0x0000, 0x0000,
    0x0000, 0x0000, 0x0000, 0x0000, 0x0000, 0x0000, 0x0000, 0x0000, 0x0000, 0x0000, 0x0000, 0x0000, 0x0000, 0x0000, 0x0000, 0x0000,
    0x0000, 0x0000, 0x0000, 0x0000, 0x0000, 0x0000, 0x0000, 0x0000, 0x0000, 0x0000, 0x0000, 0x0000, 0x0000, 0x0000, 0x0000, 0x0000,
    0x0000, 0x0000, 0x0000, 0x0000, 0x0000, 0x0000, 0x0000, 0x0000, 0x0000, 0x0000, 0x0000, 0x0000, 0x0000, 0x0000, 0x0000, 0x0000,
    0x0000, 0x0000, 0x0000, 0x0000, 0x0000, 0x0000, 0x0000, 0x0000, 0x0000, 0x0000, 0x0000, 0x0000, 0x0000, 0x0000, 0x0000, 0x0000,
    0x0000, 0x0000, 0x0000, 0x0000, 0x0000, 0x0000, 0x0000, 0x0000, 0x0000, 0x0000, 0x0000, 0x0000, 0x0000, 0x0000, 0x0000, 0x0000,
    0x0000, 0x0000, 0x0000, 0x0000, 0x0000, 0x0000, 0x0000, 0x0000, 0x0000, 0x0000, 0x0000, 0x0000, 0x0000, 0x0000, 0x0000, 0x0000,
    0x0000, 0x0000, 0x0000, 0x0000, 0x0000, 0x0000, 0x0000, 0x0000, 0x0000, 0x0000, 0x0000, 0x0000, 0x0000, 0x0000, 0x0000, 0x0000,
    0x0000, 0x0000, 0x0000, 0x0000, 0x0000, 0x0000, 0x0000, 0x0000, 0x0000, 0x0000, 0x0000, 0x0000, 0x0000, 0x0000, 0x0000, 0x0000,
    0x0000, 0x0000, 0x0000, 0x0000, 0x0000, 0x0000, 0x0000, 0x0000, 0x0000, 0x0000, 0x0000, 0x0000, 0x0000, 0x0000, 0x0000, 0x0000,
    0x0000, 0x0000, 0x0000, 0x0000, 0x0000, 0x0000, 0x0000, 0x0000, 0x0000, 0x0000, 0x0000, 0x0000, 0x0000, 0x0000, 0x0000, 0x0000,
};

constexpr uint16_t kSpriteDh8d[2048] = {
    0x0020, 0x0000, 0x0000, 0x0000, 0x0000, 0x0000, 0x0000, 0x0000, 0x0000, 0x0000, 0x0000, 0x0000, 0x0000, 0x0000, 0x0000, 0x0000,
    0x0000, 0x0000, 0x0000, 0x0000, 0x0000, 0x0000, 0x0000, 0x0000, 0x0000, 0x0000, 0x0000, 0x0000, 0x0000, 0x0000, 0x0000, 0x0000,
    0x0000, 0x0000, 0x0000, 0x0000, 0x0000, 0x0000, 0x0000, 0x0000, 0x0000, 0x0000, 0x0000, 0x0000, 0x0000, 0x0000, 0x0000, 0x0000,
    0x0000, 0x0000, 0x0000, 0x0000, 0x0000, 0x0000, 0x0000, 0x0000, 0x0000, 0x0000, 0x0000, 0x0000, 0x0000, 0x0000, 0x0000, 0x0000,
    0x0020, 0x0000, 0x0000, 0x0000, 0x0000, 0x0000, 0x0000, 0x0000, 0x0000, 0x0000, 0x0000, 0x0000, 0x0000, 0x0000, 0x0000, 0x0000,
    0x0000, 0x0000, 0x0000, 0x0000, 0x0000, 0x0000, 0x0000, 0x0000, 0x0000, 0x0000, 0x0000, 0x0000, 0x0000, 0x0000, 0x0000, 0x0000,
    0x0000, 0x0000, 0x0000, 0x0000, 0x0000, 0x0000, 0x0000, 0x0000, 0x0000, 0x0000, 0x0000, 0x0000, 0x0000, 0x0000, 0x0000, 0x0000,
    0x0000, 0x0000, 0x0000, 0x0000, 0x0000, 0x0000, 0x0000, 0x0000, 0x0000, 0x0000, 0x0000, 0x0000, 0x0000, 0x0000, 0x0000, 0x0000,
    0x0020, 0x0000, 0x0000, 0x0000, 0x0000, 0x0000, 0x0000, 0x0000, 0x0000, 0x0000, 0x0000, 0x0000, 0x0000, 0x0000, 0x0000, 0x0000,
    0x0000, 0x0000, 0x0000, 0x0000, 0x0000, 0x0000, 0x0000, 0x0000, 0x0000, 0x0000, 0x0000, 0x0000, 0x0000, 0x0000, 0x0000, 0x0000,
    0x0000, 0x0000, 0x0000, 0x0000, 0x0000, 0x0000, 0x0000, 0x0000, 0x0000, 0x0000, 0x0000, 0x0000, 0x0000, 0x0000, 0x0000, 0x0000,
    0x0000, 0x0000, 0x0000, 0x0000, 0x0000, 0x0000, 0x0000, 0x0000, 0x0000, 0x0000, 0x0000, 0x0000, 0x0000, 0x0000, 0x0000, 0x0000,
    0x0020, 0x0000, 0x0000, 0x0000, 0x0000, 0x0000, 0x0000, 0x0000, 0x0000, 0x0000, 0x0000, 0x0000, 0x0000, 0x0000, 0x0000, 0x0000,
    0x0000, 0x0000, 0x0000, 0x0000, 0x0000, 0x0000, 0x0000, 0x0000, 0x0000, 0x0000, 0x0000, 0x0000, 0x0000, 0x0000, 0x0000, 0x0000,
    0x0000, 0x0000, 0x0000, 0x0000, 0x0000, 0x0000, 0x0000, 0x0000, 0x0000, 0x0000, 0x0000, 0x0000, 0x0000, 0x0000, 0x0000, 0x0000,
    0x0000, 0x0000, 0x0000, 0x0000, 0x0000, 0x0000, 0x0000, 0x0000, 0x0000, 0x0000, 0x0000, 0x0000, 0x0000, 0x0000, 0x0000, 0x0000,
    0x0020, 0x0000, 0x0000, 0x0000, 0x0000, 0x0000, 0x0000, 0x0000, 0x0000, 0x0000, 0x0000, 0x0000, 0x0000, 0x0000, 0x0000, 0x0000,
    0x0000, 0x0000, 0x0000, 0x0000, 0x0000, 0x0000, 0x0000, 0x0000, 0x0000, 0x0000, 0x0000, 0x0000, 0x0000, 0x0000, 0x0000, 0x0000,
    0x0000, 0x0000, 0x0000, 0x0000, 0x0000, 0x0000, 0x0000, 0x0000, 0x0000, 0x0000, 0x0000, 0x0000, 0x0000, 0x0000, 0x0000, 0x0000,
    0x0000, 0x0000, 0x0000, 0x0000, 0x0000, 0x0000, 0x0000, 0x0000, 0x0000, 0x0000, 0x0000, 0x0000, 0x0000, 0x0000, 0x0000, 0x0000,
    0x0020, 0x0000, 0x0000, 0x0000, 0x0000, 0x0000, 0x0000, 0x0000, 0x0000, 0x0000, 0x0000, 0x0000, 0x0000, 0x0000, 0x0000, 0x0000,
    0x0000, 0x0000, 0x0000, 0x0000, 0x0000, 0x0000, 0x0000, 0x0000, 0x0000, 0x0000, 0x0000, 0x0000, 0x0000, 0x0000, 0x0000, 0x0000,
    0x0000, 0x0000, 0x0000, 0x0000, 0x0000, 0x0000, 0x0000, 0x0000, 0x0000, 0x0000, 0x0000, 0x0000, 0x0000, 0x0000, 0x0000, 0x0000,
    0x0000, 0x0000, 0x0000, 0x0000, 0x0000, 0x0000, 0x0000, 0x0000, 0x0000, 0x0000, 0x0000, 0x0000, 0x0000, 0x0000, 0x0000, 0x0000,
    0x0020, 0x0000, 0x0000, 0x0000, 0x0000, 0x0000, 0x0000, 0x0000, 0x0000, 0x0000, 0x0000, 0x0000, 0x0000, 0x0000, 0x0000, 0x0000,
    0x0000, 0x0000, 0x0000, 0x0000, 0x0000, 0x0000, 0x0000, 0x0000, 0x0000, 0x0000, 0x0000, 0x0000, 0x0000, 0x0000, 0x0000, 0x0000,
    0x0000, 0x0000, 0x0000, 0x0000, 0x0000, 0x0000, 0x0000, 0x0000, 0x0000, 0x0000, 0x0000, 0x0000, 0x0000, 0x0000, 0x0000, 0x0000,
    0x0000, 0x0000, 0x0000, 0x0000, 0x0000, 0x31A6, 0x0000, 0x0000, 0x0000, 0x0000, 0x0000, 0x0000, 0x0000, 0x0000, 0x0000, 0x0000,
    0x0020, 0x0000, 0x0000, 0x0000, 0x0000, 0x0000, 0x0000, 0x0000, 0x0000, 0x0000, 0x0000, 0x0000, 0x0000, 0x0000, 0x0000, 0x0000,
    0x0000, 0x0000, 0x0000, 0x0000, 0x0000, 0x0000, 0x0000, 0x0000, 0x0000, 0x0000, 0x0000, 0x0000, 0x0000, 0x0000, 0x0000, 0x0000,
    0x0000, 0x0000, 0x0000, 0x0000, 0x0000, 0x0000, 0x0000, 0x0000, 0x0000, 0x0000, 0x0000, 0x0000, 0x0000, 0x0000, 0x0000, 0x0000,
    0x0000, 0x0000, 0x0000, 0x3ACF, 0x4396, 0x42D3, 0x00CD, 0x00CD, 0x0048, 0x0048, 0x0000, 0x0000, 0x0000, 0x0000, 0x0000, 0x0000,
    0x0020, 0x0000, 0x0000, 0x0000, 0x0000, 0x0000, 0x0000, 0x0000, 0x0000, 0x0000, 0x0000, 0x0000, 0x0000, 0x0000, 0x0000, 0x0000,
    0x0000, 0x0000, 0x0000, 0x0000, 0x0000, 0x0000, 0x0000, 0x0000, 0x0000, 0x0000, 0x0000, 0x0000, 0x0000, 0x0000, 0x0000, 0x0000,
    0x0000, 0x0000, 0x0000, 0x0000, 0x0000, 0x0000, 0x0000, 0x0000, 0x0000, 0x0000, 0x0000, 0x0000, 0x0000, 0x0000, 0x0000, 0x0000,
    0x0000, 0x0020, 0x73AF, 0x6C58, 0x11D5, 0x9D15, 0xAD97, 0x9D36, 0x9D15, 0x9D17, 0x8474, 0x9D17, 0xA577, 0x6C53, 0x0000, 0x0000,
    0x0020, 0x0000, 0x0000, 0x0000, 0x0000, 0x0000, 0x0000, 0x0000, 0x0000, 0x0000, 0x0000, 0x0000, 0x0000, 0x0000, 0x0000, 0x0000,
    0x0000, 0x0000, 0x0000, 0x0000, 0x0000, 0x0000, 0x0000, 0x0000, 0x0000, 0x0000, 0x0000, 0x0000, 0x0000, 0x0000, 0x0000, 0x0000,
    0x0000, 0x0000, 0x0000, 0x0000, 0x0000, 0x0000, 0x0000, 0x0000, 0x0000, 0x0000, 0x0000, 0x0000, 0x0000, 0x0000, 0x0000, 0x0000,
    0x0000, 0x0020, 0x52AA, 0x31AA, 0x1151, 0x0045, 0x0023, 0x0024, 0x0066, 0x00CB, 0x0085, 0x00A6, 0x0000, 0x0000, 0x0000, 0x0000,
    0x0020, 0x0000, 0x0000, 0x0000, 0x0000, 0x0000, 0x0000, 0x0000, 0x0000, 0x0000, 0x0000, 0x0000, 0x0000, 0x0000, 0x0000, 0x0000,
    0x0000, 0x0000, 0x0000, 0x0000, 0x0000, 0x0000, 0x0000, 0x0000, 0x0000, 0x0000, 0x0000, 0x0000, 0x0000, 0x0000, 0x0000, 0x0000,
    0x0000, 0x0000, 0x0000, 0x0000, 0x0000, 0x0000, 0x0000, 0x0000, 0x0000, 0x0000, 0x0000, 0x0000, 0x0000, 0x0000, 0x0000, 0x0000,
    0x0000, 0x0000, 0x0000, 0x5B70, 0x4B55, 0x1A50, 0x0029, 0x0007, 0x004C, 0x006C, 0x0000, 0x0000, 0x0000, 0x0000, 0x0000, 0x0000,
    0x0020, 0x0000, 0x0000, 0x0000, 0x0000, 0x0000, 0x0000, 0x0000, 0x0000, 0x0000, 0x0000, 0x0000, 0x0000, 0x0000, 0x0000, 0x0000,
    0x0000, 0x0000, 0x0000, 0x0000, 0x0000, 0x0000, 0x0000, 0x0000, 0x0000, 0x0000, 0x0000, 0x0000, 0x0000, 0x0000, 0x0000, 0x0000,
    0x0000, 0x0000, 0x0000, 0x0000, 0x0000, 0x0000, 0x0000, 0x0000, 0x0000, 0x0000, 0x0000, 0x0000, 0x0000, 0x0000, 0x0000, 0x0000,
    0x0000, 0x0000, 0x4A6A, 0x5437, 0x6BF7, 0x6414, 0x0A0F, 0x0009, 0x00B0, 0x004A, 0x0000, 0x0000, 0x0000, 0x0000, 0x0000, 0x0000,
    0x0020, 0x0000, 0x0000, 0x0000, 0x0000, 0x0000, 0x0000, 0x0000, 0x0000, 0x0000, 0x0000, 0x0000, 0x0000, 0x0000, 0x0000, 0x0000,
    0x0000, 0x0000, 0x0000, 0x0000, 0x0000, 0x0000, 0x0000, 0x0000, 0x0000, 0x0000, 0x0000, 0x0000, 0x0000, 0x0000, 0x0000, 0x0000,
    0x0000, 0x0000, 0x0000, 0x0000, 0x0000, 0x0000, 0x0000, 0x0000, 0x0000, 0x0000, 0x0000, 0x0000, 0x0000, 0x0000, 0x0000, 0x0000,
    0x0000, 0x2145, 0x7C74, 0x22F7, 0x5BF6, 0x09CF, 0x00AA, 0x004A, 0x00D2, 0x0004, 0x0000, 0x0000, 0x0000, 0x0000, 0x0000, 0x0000,
    0x0020, 0x0000, 0x0000, 0x0000, 0x0000, 0x0000, 0x0000, 0x0000, 0x0000, 0x0000, 0x0000, 0x0000, 0x0000, 0x0000, 0x0000, 0x0000,
    0x3142, 0x49A2, 0x0000, 0x0000, 0x0000, 0x0000, 0x0000, 0x0000, 0x0000, 0x0000, 0x0000, 0x0000, 0x0000, 0x0000, 0x0000, 0x0000,
    0x0000, 0x0000, 0x0000, 0x0000, 0x0000, 0x0000, 0x0000, 0x0000, 0x0000, 0x0000, 0x0000, 0x0000, 0x0000, 0x0000, 0x0000, 0x0000,
    0x0000, 0x8473, 0x43B7, 0x0110, 0x092D, 0x0087, 0x0868, 0x008C, 0x00B0, 0x0000, 0x0000, 0x0000, 0x0000, 0x0000, 0x0000, 0x0000,
    0x0020, 0x0000, 0x0000, 0x0000, 0x0000, 0x0000, 0x0000, 0x0000, 0x0000, 0x0000, 0x0000, 0x0000, 0x0000, 0x0000, 0x0000, 0x0000,
    0x4ACE, 0x5330, 0x0000, 0x0000, 0x0000, 0x0000, 0x0000, 0x0000, 0x0000, 0x0000, 0x0000, 0x0000, 0x0000, 0x0000, 0x0000, 0x0000,
    0x0000, 0x0000, 0x0000, 0x0000, 0x0000, 0x0000, 0x0000, 0x0000, 0x0000, 0x0000, 0x0000, 0x0000, 0x0000, 0x0000, 0x0000, 0x0000,
    0x0000, 0x74B9, 0x09F4, 0x00CD, 0x0029, 0x5B0F, 0xAD99, 0x9CF7, 0x0049, 0x0000, 0x0000, 0x0000, 0x0000, 0x0000, 0x0000, 0x0000,
    0x0020, 0x0000, 0x0000, 0x0000, 0x0000, 0x0000, 0x0000, 0x0000, 0x0000, 0x0000, 0x0000, 0x0000, 0x0000, 0x0000, 0x0000, 0x0021,
    0x42AF, 0x6392, 0x0000, 0x69E4, 0x18A2, 0x0021, 0x01CD, 0x0949, 0x0042, 0x0000, 0x0000, 0x0000, 0x0000, 0x0000, 0x0000, 0x0000,
    0x0000, 0x0000, 0x0000, 0x0000, 0x0000, 0x0000, 0x0000, 0x0000, 0x0000, 0x0000, 0x0000, 0x0000, 0x0000, 0x0000, 0x0000, 0x0000,
    0x1905, 0x2319, 0x00AE, 0x8C95, 0x7BF2, 0xBDFA, 0x9CF7, 0xB5B9, 0x0023, 0x0000, 0x0000, 0x0000, 0x0000, 0x0000, 0x0000, 0x0000,
    0x0020, 0x0000, 0x0000, 0x0000, 0x0000, 0x0000, 0x0000, 0x0000, 0x0000, 0x0000, 0x0000, 0x0000, 0x0000, 0x0000, 0x0000, 0x0021,
    0x29A9, 0x5330, 0x0000, 0x424B, 0x4121, 0x0000, 0x0000, 0x0230, 0x022F, 0x0043, 0x0000, 0x0000, 0x0000, 0x0000, 0x0000, 0x0000,
    0x0000, 0x0000, 0x0020, 0x10A2, 0x2145, 0x10A2, 0x0000, 0x0000, 0x0020, 0x0020, 0x0000, 0x0000, 0x0001, 0x0128, 0x0290, 0x0293,
    0x014F, 0x9D17, 0x424F, 0xB5FA, 0xB5B8, 0xAD78, 0x9D17, 0x7BF1, 0x0000, 0x0000, 0x0000, 0x0000, 0x0000, 0x0000, 0x0000, 0x0000,
    0x0020, 0x0000, 0x0000, 0x0000, 0x0000, 0x0000, 0x0000, 0x0000, 0x0000, 0x29C9, 0x530D, 0x638F, 0x5B4E, 0x52EC, 0x530D, 0x4AED,
    0x4B0E, 0x63B2, 0x636D, 0x6B6E, 0x634D, 0x638F, 0x63B0, 0x11AA, 0x322B, 0x73CF, 0x73CF, 0x532F, 0x6B6D, 0x632D, 0x8C72, 0x8C92,
    0x9CF4, 0xA535, 0x8452, 0x8C32, 0xC65A, 0xB597, 0xAD78, 0x426E, 0x016D, 0x014F, 0x0254, 0x0A94, 0x1336, 0x0214, 0x0173, 0x006F,
    0x42B1, 0x73D3, 0xAD98, 0xB5D9, 0xBDF9, 0x8C95, 0x00B0, 0x0026, 0x0000, 0x0000, 0x0000, 0x0000, 0x0000, 0x0000, 0x0000, 0x0000,
    0x0000, 0x0000, 0x0000, 0x0000, 0x0000, 0x0000, 0x31A7, 0xAD76, 0xDEFC, 0xEF7E, 0xEFBF, 0xEF7E, 0xEF7E, 0xEF7E, 0xF7BF, 0xF7DF,
    0xFFDF, 0xF7DF, 0xF7BF, 0xEF7E, 0xDF3E, 0xEF7F, 0xEF9F, 0xEF9F, 0xEF7E, 0xEF7E, 0xCEBC, 0xC69C, 0xCE9B, 0x9D57, 0x9517, 0x8496,
    0x63F5, 0x7477, 0x8D39, 0x9D79, 0x9516, 0x8497, 0x63FB, 0x1A58, 0x2294, 0x0174, 0x0133, 0x00F3, 0x00D2, 0x00EE, 0x00CF, 0x0130,
    0x32D4, 0xAD78, 0xBDFA, 0x18EB, 0x528F, 0x004E, 0x0090, 0x0000, 0x0000, 0x0000, 0x0000, 0x0000, 0x0000, 0x0000, 0x0000, 0x0000,
    0x0020, 0x0000, 0x0000, 0x0000, 0x0000, 0x0000, 0x6390, 0x9D36, 0xB5D9, 0xA598, 0xF7DF, 0xEF7E, 0xEF7E, 0xD6FD, 0xFFDF, 0xF7DF,
    0xFFDF, 0xF77D, 0xCE39, 0xAD96, 0xFFDF, 0xFFFF, 0xFFFF, 0xF7DF, 0xDF3E, 0xF7BE, 0x8495, 0x5351, 0x5BD5, 0x6457, 0x5BB3, 0x5BB3,
    0xADDA, 0x8C93, 0x9D14, 0xF79E, 0xFFDF, 0xF7DF, 0xF7BF, 0xF7BF, 0xE79F, 0xC73F, 0xBEFE, 0x9E3E, 0x8DFE, 0x54DE, 0x0B3C, 0x01D9,
    0x0175, 0x7C57, 0x21F1, 0x00CE, 0x00CD, 0x008F, 0x004C, 0x0000, 0x0000, 0x0000, 0x0000, 0x0000, 0x0000, 0x0000, 0x0000, 0x0000,
    0x0020, 0x0000, 0x0000, 0x0000, 0x0000, 0x636E, 0x8CF7, 0xA5B8, 0xB619, 0x7412, 0xE73D, 0xE77E, 0xF7DF, 0xCEDD, 0xFFFF, 0xE73C,
    0xCE79, 0xBB09, 0x9207, 0x8452, 0xD6FD, 0xD6BC, 0xDEFD, 0xDF1D, 0xCEBD, 0xF7BF, 0xE75E, 0x9DBC, 0x957B, 0x853A, 0x84FA, 0x63F5,
    0xF7BF, 0xEF9E, 0xC618, 0xA555, 0xB5B7, 0xA534, 0xD6BA, 0xDF1C, 0xDEFB, 0xEF7D, 0xB5B7, 0xE73E, 0xF7DF, 0xEF9F, 0xE77F, 0xDF5F,
    0xC6DF, 0x957E, 0x8D3E, 0x64BE, 0x3BDD, 0x037B, 0x02BB, 0x00EA, 0x0068, 0x0046, 0x0088, 0x0066, 0x0066, 0x0022, 0x0000, 0x0000,
    0x0000, 0x0000, 0x0000, 0x29C8, 0xADD8, 0xF7BF, 0xFFFF, 0xF7DF, 0xF7DF, 0xF7DF, 0xEF9F, 0xE77E, 0xE77E, 0xE75F, 0xFFDF, 0xDF1C,
    0xC618, 0xB577, 0x8C93, 0x8494, 0xBE3B, 0xCE9B, 0xDEBB, 0xE73D, 0xE73D, 0xEF9F, 0xD71E, 0xCE9C, 0xA5BB, 0x959B, 0x9D9B, 0xADFC,
    0xF7DF, 0xF7DF, 0xFFDF, 0xD69A, 0xBDF8, 0xAD96, 0x9D14, 0x9D14, 0x8C72, 0xC639, 0x7C53, 0xD6FD, 0xEF9F, 0xD6FE, 0xD71E, 0xDF3E,
    0xDF3E, 0xDF3E, 0xE75F, 0xDF3E, 0xB67E, 0x4396, 0x008A, 0x0002, 0x0045, 0x0044, 0x0023, 0x0000, 0x0001, 0x0002, 0x0000, 0x0000,
    0x0000, 0x0000, 0x8431, 0xDF3D, 0xFFDF, 0xF7DF, 0xEF7F, 0xDF3E, 0xDF3E, 0xDF3E, 0xDF3E, 0xDF3E, 0xDF1E, 0xD6FE, 0xDF3E, 0xDE5A,
    0xCE3A, 0xBDB9, 0x8CD6, 0x6350, 0xBE3A, 0xC67C, 0xBE5C, 0xC65C, 0xCE7B, 0xC5B8, 0xA5FB, 0xD598, 0x8D39, 0x959A, 0xB61B, 0xD6DC,
    0xD6DC, 0xCE9B, 0xC67C, 0xC67C, 0xD6FE, 0xD6FE, 0xCEDE, 0xC6BD, 0xCEDE, 0xCEBD, 0xBE5C, 0xCEBD, 0xDF3E, 0xCEDE, 0xCEBE, 0xC69D,
    0xB63C, 0x84D7, 0x6414, 0x3AF0, 0x118B, 0x0000, 0x0000, 0x0000, 0x0000, 0x0000, 0x0000, 0x0000, 0x0000, 0x0000, 0x0000, 0x0000,
    0x0020, 0x0000, 0xF7BF, 0xE75F, 0xCEDE, 0xCEDE, 0xBE9D, 0xC69D, 0xCEBE, 0xC69E, 0xCEBD, 0xD6DD, 0xCEDD, 0xD6FE, 0xCEBD, 0xCE1B,
    0xC5FA, 0xC5FA, 0xAD98, 0xAE7E, 0x8D17, 0xB5F9, 0xDF1E, 0xE77E, 0xADB8, 0x19CC, 0x114A, 0x118C, 0x11EF, 0x1231, 0x1A2F, 0x2271,
    0x5BD3, 0x84B6, 0x9DBB, 0xC6BD, 0x9DDD, 0xAE1D, 0xB63D, 0xB61D, 0xBE5D, 0xADFC, 0xA5BB, 0x9D7B, 0x955A, 0x6C36, 0x4B53, 0x2A70,
    0x114A, 0x0000, 0x0000, 0x0000, 0x0001, 0x0000, 0x0000, 0x0000, 0x0001, 0x0001, 0x0000, 0x0000, 0x0000, 0x0000, 0x0000, 0x0000,
    0x0020, 0x0000, 0x8D5B, 0x9D9B, 0xA5BB, 0x9D9B, 0x955A, 0x8D3A, 0x8D5A, 0x84F9, 0x851A, 0x851A, 0x8D3A, 0x955A, 0x8D3A, 0x851A,
    0x7D1A, 0x7CF9, 0x7498, 0x8D3B, 0x9518, 0xDF3E, 0xFFDF, 0xF7DF, 0xDF3D, 0x853A, 0x957B, 0x8D5B, 0x7CD9, 0x7CFA, 0x84FA, 0x8D3B,
    0x851B, 0x957B, 0xADFB, 0xAE1C, 0xA5DC, 0x9D9A, 0x6C78, 0x6416, 0x5BD5, 0x326F, 0x21ED, 0x198A, 0x08A5, 0x00CB, 0x0089, 0x00CC,
    0x00EC, 0x00EE, 0x0154, 0x00F2, 0x00F0, 0x00AE, 0x00AC, 0x008B, 0x0068, 0x0069, 0x0025, 0x0003, 0x0001, 0x0000, 0x0000, 0x0000,
    0x0000, 0x0000, 0x0022, 0x1948, 0x2189, 0x7434, 0x29CA, 0x1948, 0x198A, 0x1989, 0x198A, 0x21AA, 0x21CB, 0x19AA, 0x1969, 0x1128,
    0x1947, 0x2147, 0x1927, 0x1128, 0x08E6, 0x3AAF, 0x63D3, 0x6C56, 0x5330, 0x198A, 0x21AA, 0x1948, 0x1107, 0x0907, 0x1107, 0x1128,
    0x1107, 0x1127, 0x1148, 0x1128, 0x1148, 0x1128, 0x1149, 0x0000, 0x0000, 0x0000, 0x0000, 0x0000, 0x0000, 0x0000, 0x0000, 0x0000,
    0x0000, 0x0000, 0x0000, 0x0000, 0x0000, 0x0001, 0x0024, 0x0023, 0x0024, 0x0001, 0x0000, 0x0000, 0x0000, 0x0000, 0x0000, 0x0000,
    0x0020, 0x0000, 0x0000, 0x0000, 0x0063, 0x5B2E, 0x0000, 0x0000, 0x0000, 0x0000, 0x0000, 0x0000, 0x0000, 0x0000, 0x0000, 0x0000,
    0x0000, 0x0000, 0x2925, 0x0000, 0x0000, 0x0000, 0x0000, 0x0000, 0x0000, 0x0000, 0x0000, 0x0000, 0x0000, 0x0000, 0x0000, 0x0000,
    0x0000, 0x0000, 0x0000, 0x0000, 0x0000, 0x0000, 0x0000, 0x0000, 0x0000, 0x0000, 0x0024, 0x0025, 0x0047, 0x008B, 0x00AD, 0x00F3,
    0x0115, 0x0158, 0x0178, 0x01B7, 0x0196, 0x0134, 0x00EF, 0x00AD, 0x0047, 0x0047, 0x0025, 0x0002, 0x0001, 0x0000, 0x0000, 0x0000,
    0x0020, 0x0000, 0x0000, 0x0000, 0x0022, 0x634E, 0x0000, 0x0000, 0x0000, 0x0000, 0x0000, 0x0000, 0x0000, 0x0000, 0x0000, 0x0000,
    0x0000, 0x0000, 0x0000, 0x0000, 0x0000, 0x0000, 0x0000, 0x0000, 0x0000, 0x0000, 0x0000, 0x0000, 0x0000, 0x0000, 0x0000, 0x0000,
    0x0000, 0x0000, 0x0000, 0x0000, 0x0000, 0x0000, 0x0000, 0x0000, 0x0000, 0x0000, 0x0000, 0x0000, 0x0000, 0x0024, 0x0048, 0x00AD,
    0x00CF, 0x0111, 0x0113, 0x0133, 0x0155, 0x0196, 0x0173, 0x0132, 0x0130, 0x0110, 0x00CC, 0x008A, 0x0046, 0x0045, 0x0000, 0x0000,
    0x0020, 0x0000, 0x0000, 0x0000, 0x0000, 0x0000, 0x0000, 0x0000, 0x0000, 0x0000, 0x0000, 0x0000, 0x0000, 0x0000, 0x0000, 0x0000,
    0x0000, 0x0000, 0x0000, 0x0000, 0x0000, 0x0000, 0x0000, 0x0000, 0x0000, 0x0000, 0x0000, 0x0000, 0x0000, 0x0000, 0x0000, 0x0000,
    0x0000, 0x0000, 0x0000, 0x0000, 0x0000, 0x0000, 0x0000, 0x0000, 0x0000, 0x0000, 0x0000, 0x0000, 0x0000, 0x0000, 0x0000, 0x0000,
    0x0000, 0x0000, 0x0000, 0x0000, 0x0000, 0x0000, 0x0000, 0x0000, 0x0000, 0x0000, 0x0000, 0x0000, 0x0000, 0x0000, 0x0000, 0x0000,
    0x0020, 0x0000, 0x0000, 0x0000, 0x0000, 0x0000, 0x0000, 0x0000, 0x0000, 0x0000, 0x0000, 0x0000, 0x0000, 0x0000, 0x0000, 0x0000,
    0x0000, 0x0000, 0x0000, 0x0000, 0x0000, 0x0000, 0x0000, 0x0000, 0x0000, 0x0000, 0x0000, 0x0000, 0x0000, 0x0000, 0x0000, 0x0000,
    0x0000, 0x0000, 0x0000, 0x0000, 0x0000, 0x0000, 0x0000, 0x0000, 0x0000, 0x0000, 0x0000, 0x0000, 0x0000, 0x0000, 0x0000, 0x0000,
    0x0000, 0x0000, 0x0000, 0x0000, 0x0000, 0x0000, 0x0000, 0x0000, 0x0000, 0x0000, 0x0000, 0x0000, 0x0000, 0x0000, 0x0000, 0x0000,
    0x0020, 0x0000, 0x0000, 0x0000, 0x0000, 0x0000, 0x0000, 0x0000, 0x0000, 0x0000, 0x0000, 0x0000, 0x0000, 0x0000, 0x0000, 0x0000,
    0x0000, 0x0000, 0x0000, 0x0000, 0x0000, 0x0000, 0x0000, 0x0000, 0x0000, 0x0000, 0x0000, 0x0000, 0x0000, 0x0000, 0x0000, 0x0000,
    0x0000, 0x0000, 0x0000, 0x0000, 0x0000, 0x0000, 0x0000, 0x0000, 0x0000, 0x0000, 0x0000, 0x0000, 0x0000, 0x0000, 0x0000, 0x0000,
    0x0000, 0x0000, 0x0000, 0x0000, 0x0000, 0x0000, 0x0000, 0x0000, 0x0000, 0x0000, 0x0000, 0x0000, 0x0000, 0x0000, 0x0000, 0x0000,
    0x0020, 0x0000, 0x0000, 0x0000, 0x0000, 0x0000, 0x0000, 0x0000, 0x0000, 0x0000, 0x0000, 0x0000, 0x0000, 0x0000, 0x0000, 0x0000,
    0x0000, 0x0000, 0x0000, 0x0000, 0x0000, 0x0000, 0x0000, 0x0000, 0x0000, 0x0000, 0x0000, 0x0000, 0x0000, 0x0000, 0x0000, 0x0000,
    0x0000, 0x0000, 0x0000, 0x0000, 0x0000, 0x0000, 0x0000, 0x0000, 0x0000, 0x0000, 0x0000, 0x0000, 0x0000, 0x0000, 0x0000, 0x0000,
    0x0000, 0x0000, 0x0000, 0x0000, 0x0000, 0x0000, 0x0000, 0x0000, 0x0000, 0x0000, 0x0000, 0x0000, 0x0000, 0x0000, 0x0000, 0x0000,
};

constexpr uint16_t kSpriteBoeing777[2048] = {
    0x0000, 0x0000, 0x0000, 0x0000, 0x0000, 0x0000, 0x0000, 0x0000, 0x0000, 0x0000, 0x0000, 0x0000, 0x0000, 0x0000, 0x0000, 0x0000,
    0x0000, 0x0000, 0x0000, 0x0000, 0x0000, 0x0000, 0x0000, 0x0000, 0x0000, 0x0000, 0x0000, 0x0000, 0x0000, 0x0000, 0x0000, 0x0000,
    0x0000, 0x0000, 0x0000, 0x0000, 0x0000, 0x0000, 0x0000, 0x0000, 0x0000, 0x0000, 0x0000, 0x0000, 0x0000, 0x0000, 0x0000, 0x0000,
    0x0000, 0x0000, 0x0000, 0x0000, 0x0000, 0x0000, 0x0000, 0x0000, 0x0000, 0x0000, 0x0000, 0x0000, 0x0000, 0x0000, 0x0000, 0x0000,
    0x0000, 0x0000, 0x0000, 0x0000, 0x0000, 0x0000, 0x0000, 0x0000, 0x0000, 0x0000, 0x0000, 0x0000, 0x0000, 0x0000, 0x0000, 0x0000,
    0x0000, 0x0000, 0x0000, 0x0000, 0x0000, 0x0000, 0x0000, 0x0000, 0x0000, 0x0000, 0x0000, 0x0000, 0x0000, 0x0000, 0x0000, 0x0000,
    0x0000, 0x0000, 0x0000, 0x0000, 0x0000, 0x0000, 0x0000, 0x0000, 0x0000, 0x0000, 0x0000, 0x0000, 0x0000, 0x0000, 0x0000, 0x0000,
    0x0000, 0x0000, 0x0000, 0x0000, 0x0000, 0x0000, 0x0000, 0x0000, 0x0000, 0x0000, 0x0000, 0x0000, 0x0000, 0x0000, 0x0000, 0x0000,
    0x0000, 0x0000, 0x0000, 0x0000, 0x0000, 0x0000, 0x0000, 0x0000, 0x0000, 0x0000, 0x0000, 0x0000, 0x0000, 0x0000, 0x0000, 0x0000,
    0x0000, 0x0000, 0x0000, 0x0000, 0x0000, 0x0000, 0x0000, 0x0000, 0x0000, 0x0000, 0x0000, 0x0000, 0x0000, 0x0000, 0x0000, 0x0000,
    0x0000, 0x0000, 0x0000, 0x0000, 0x0000, 0x0000, 0x0000, 0x0000, 0x0000, 0x0000, 0x0000, 0x0000, 0x0000, 0x0000, 0x0000, 0x0000,
    0x0000, 0x0000, 0x0000, 0x0000, 0x0000, 0x0000, 0x0000, 0x0000, 0x0000, 0x0000, 0x0000, 0x0000, 0x0000, 0x0000, 0x0000, 0x0000,
    0x0000, 0x0000, 0x0000, 0x0000, 0x0000, 0x0000, 0x0000, 0x0000, 0x0000, 0x0000, 0x0000, 0x0000, 0x0000, 0x0000, 0x0000, 0x0000,
    0x0000, 0x0000, 0x0000, 0x0000, 0x0000, 0x0000, 0x0000, 0x0000, 0x0000, 0x0000, 0x0000, 0x0000, 0x0000, 0x0000, 0x0000, 0x0000,
    0x0000, 0x0000, 0x0000, 0x0000, 0x0000, 0x0000, 0x0000, 0x0000, 0x0000, 0x0000, 0x0000, 0x0000, 0x0000, 0x0000, 0x0000, 0x0000,
    0x0000, 0x0000, 0x0000, 0x0000, 0x0000, 0x0000, 0x0000, 0x0000, 0x0000, 0x0000, 0x0000, 0x0000, 0x0000, 0x0000, 0x0000, 0x0000,
    0x0000, 0x0000, 0x0000, 0x0000, 0x0000, 0x0000, 0x0000, 0x0000, 0x0000, 0x0000, 0x0000, 0x0000, 0x0000, 0x0000, 0x0000, 0x0000,
    0x0000, 0x0000, 0x0000, 0x0000, 0x0000, 0x0000, 0x0000, 0x0000, 0x0000, 0x0000, 0x0000, 0x0000, 0x0000, 0x0000, 0x0000, 0x0000,
    0x0000, 0x0000, 0x0000, 0x0000, 0x0000, 0x0000, 0x0000, 0x0000, 0x0000, 0x0000, 0x0000, 0x0000, 0x0000, 0x0000, 0x0000, 0x0000,
    0x0000, 0x0000, 0x0000, 0x0000, 0x0000, 0x0000, 0x0000, 0x0000, 0x0000, 0x0000, 0x0000, 0x0000, 0x0000, 0x0000, 0x0000, 0x0000,
    0x0000, 0x0000, 0x0000, 0x0000, 0x0000, 0x0000, 0x0000, 0x0000, 0x0000, 0x0000, 0x0000, 0x0000, 0x0000, 0x0000, 0x0000, 0x0000,
    0x0000, 0x0000, 0x0000, 0x0000, 0x0000, 0x0000, 0x0000, 0x0000, 0x0000, 0x0000, 0x0000, 0x0000, 0x0000, 0x0000, 0x0000, 0x0000,
    0x0000, 0x0000, 0x0000, 0x0000, 0x0000, 0x0000, 0x0000, 0x0000, 0x0000, 0x0000, 0x0000, 0x0000, 0x0000, 0x0000, 0x0000, 0x0000,
    0x0000, 0x0000, 0x0000, 0x0000, 0x0000, 0x0000, 0x0000, 0x0000, 0x0000, 0x010D, 0x008A, 0x0089, 0x0001, 0x0000, 0x0000, 0x0000,
    0x0000, 0x0000, 0x0000, 0x0000, 0x0000, 0x0000, 0x0000, 0x0000, 0x0000, 0x0000, 0x0000, 0x0000, 0x0000, 0x0000, 0x0000, 0x0000,
    0x0000, 0x0000, 0x0000, 0x0000, 0x0000, 0x0000, 0x0000, 0x0000, 0x0000, 0x0000, 0x0000, 0x0000, 0x0000, 0x0000, 0x0000, 0x0000,
    0x0000, 0x0000, 0x0000, 0x0000, 0x0000, 0x0000, 0x0000, 0x0000, 0x0000, 0x0000, 0x0000, 0x0000, 0x0000, 0x0000, 0x0000, 0x0000,
    0x0000, 0x0000, 0x0000, 0x0000, 0x0000, 0x0000, 0x0000, 0x0000, 0x00C9, 0x021D, 0x021D, 0x0199, 0x0003, 0x0000, 0x0000, 0x0000,
    0x0000, 0x0000, 0x0000, 0x0000, 0x0000, 0x0000, 0x0000, 0x0000, 0x0000, 0x0000, 0x0000, 0x0000, 0x0000, 0x0000, 0x0000, 0x0000,
    0x0000, 0x0000, 0x0000, 0x0000, 0x0000, 0x0000, 0x0000, 0x0000, 0x0000, 0x0000, 0x0000, 0x0000, 0x0000, 0x0000, 0x0000, 0x0000,
    0x0000, 0x0000, 0x0000, 0x0000, 0x0000, 0x0000, 0x0000, 0x0000, 0x0000, 0x0000, 0x0000, 0x0000, 0x0000, 0x0000, 0x0000, 0x0000,
    0x0000, 0x0000, 0x0000, 0x0000, 0x0000, 0x0000, 0x0000, 0x012A, 0x0B3D, 0x01DB, 0x01FD, 0x00AE, 0x0000, 0x0000, 0x0000, 0x0000,
    0x0000, 0x0000, 0x0000, 0x0000, 0x0000, 0x0000, 0x0000, 0x0000, 0x0000, 0x0000, 0x0000, 0x0000, 0x0000, 0x0000, 0x0000, 0x0000,
    0x0000, 0x0000, 0x0000, 0x0000, 0x0000, 0x0000, 0x0000, 0x0000, 0x0000, 0x0000, 0x0000, 0x0000, 0x0000, 0x0000, 0x0000, 0x0000,
    0x0000, 0x0000, 0x0000, 0x0000, 0x0000, 0x0000, 0x0000, 0x0000, 0x0000, 0x0000, 0x0000, 0x0000, 0x0000, 0x0000, 0x0000, 0x0000,
    0x0000, 0x0000, 0x0000, 0x0000, 0x0000, 0x0000, 0x5B4E, 0x5C5D, 0x01FE, 0x01DD, 0x021B, 0x0025, 0x0000, 0x0000, 0x0000, 0x0000,
    0x0000, 0x0000, 0x0000, 0x0000, 0x0000, 0x0000, 0x0000, 0x0000, 0x0000, 0x0000, 0x0000, 0x0000, 0x0000, 0x0000, 0x0000, 0x0000,
    0x0000, 0x0000, 0x0000, 0x0000, 0x0000, 0x0000, 0x0000, 0x0000, 0x0000, 0x0000, 0x0000, 0x0000, 0x0000, 0x0000, 0x0000, 0x0000,
    0x0000, 0x0000, 0x0000, 0x0000, 0x0000, 0x0000, 0x0000, 0x0000, 0x0000, 0x0000, 0x0000, 0x0000, 0x0000, 0x0000, 0x0000, 0x0000,
    0x0000, 0x0000, 0x0000, 0x0000, 0x0000, 0x5B2D, 0x6C9D, 0x539E, 0xC67F, 0x01FD, 0x0152, 0x0000, 0x0000, 0x0000, 0x0000, 0x0000,
    0x0000, 0x0000, 0x0000, 0x0000, 0x0000, 0x0000, 0x0000, 0x0000, 0x0000, 0x0000, 0x0000, 0x0000, 0x0000, 0x0000, 0x0000, 0x0000,
    0x0000, 0x0000, 0x0000, 0x0000, 0x0000, 0x0000, 0x0000, 0x0000, 0x0000, 0x0000, 0x0000, 0x0000, 0x0000, 0x0000, 0x0000, 0x0000,
    0x0000, 0x0000, 0x0000, 0x0000, 0x0000, 0x0000, 0x0000, 0x0000, 0x0000, 0x0000, 0x0000, 0x0000, 0x0000, 0x0000, 0x0000, 0x0000,
    0x0000, 0x0000, 0x0000, 0x0000, 0x0000, 0x64DD, 0x5BBE, 0xCEDF, 0xCEDF, 0x025C, 0x0048, 0x0000, 0x0000, 0x0000, 0x0000, 0x0000,
    0x0000, 0x0000, 0x0000, 0x0000, 0x0000, 0x0000, 0x0000, 0x0000, 0x0000, 0x0000, 0x0000, 0x0000, 0x0000, 0x0000, 0x0000, 0x0000,
    0x0000, 0x0000, 0x0000, 0x0000, 0x0000, 0x0000, 0x0000, 0x0000, 0x0000, 0x0000, 0x0000, 0x0000, 0x0000, 0x0000, 0x0000, 0x0000,
    0x0000, 0x0000, 0x0000, 0x0000, 0x0000, 0x0000, 0x0000, 0x0000, 0x0000, 0x0000, 0x0000, 0x0000, 0x0000, 0x0000, 0x0000, 0x0000,
    0x0000, 0x0000, 0x0000, 0x0000, 0x6BD0, 0x53BF, 0x7C9E, 0x539E, 0xBE5F, 0x0257, 0x0000, 0x0000, 0x0000, 0x0000, 0x0000, 0x0000,
    0x0000, 0x0000, 0x0000, 0x0000, 0x0000, 0x0000, 0x0000, 0x0000, 0x0000, 0x0000, 0x0000, 0x0000, 0x0000, 0x0000, 0x0000, 0x0000,
    0x0000, 0x0000, 0x0000, 0x0000, 0x0000, 0x0000, 0x0000, 0x0000, 0x0000, 0x0000, 0x0000, 0x0000, 0x0000, 0x0000, 0x0000, 0x0000,
    0x0000, 0x0000, 0x0000, 0x0000, 0x0000, 0x0000, 0x0000, 0x0000, 0x0000, 0x0000, 0x0000, 0x0000, 0x0000, 0x0000, 0x0000, 0x0000,
    0x0000, 0x0000, 0x0000, 0x6BF1, 0x7D5E, 0xDF1F, 0x8CDE, 0x021D, 0xD6FF, 0x00AA, 0x0000, 0x0000, 0x0000, 0x0000, 0x0000, 0x0000,
    0x0000, 0x0000, 0x0000, 0x0000, 0x0000, 0x0000, 0x0000, 0x0000, 0x0000, 0x0000, 0x0000, 0x0000, 0x0000, 0x0000, 0x0000, 0x0000,
    0x0000, 0x0000, 0x0000, 0x0000, 0x0000, 0x0000, 0x0000, 0x0000, 0x0000, 0x0000, 0x0000, 0x0000, 0x0000, 0x0000, 0x0000, 0x0000,
    0x0000, 0x0000, 0x0000, 0x0000, 0x0000, 0x0000, 0x0000, 0x0000, 0x0000, 0x0000, 0x0000, 0x0000, 0x0000, 0x0000, 0x0000, 0x0000,
    0x0000, 0x0000, 0x8472, 0x64BE, 0x0A1C, 0xADFF, 0x8D3F, 0x019D, 0x6C7F, 0x0001, 0x0000, 0x0000, 0x0000, 0x0000, 0x0000, 0x0000,
    0x0000, 0x0000, 0x0000, 0x0000, 0x0000, 0x0000, 0x0000, 0x0000, 0x0000, 0x0000, 0x0000, 0x0000, 0x0000, 0x0000, 0x0000, 0x0000,
    0x0000, 0x0000, 0x0000, 0x0000, 0x0000, 0x0000, 0x0000, 0x0000, 0x0000, 0x0000, 0x0000, 0x0000, 0x0000, 0x0000, 0x0000, 0x0000,
    0x0000, 0x0000, 0x0000, 0x0000, 0x0000, 0x0000, 0x0000, 0x0000, 0x0000, 0x0000, 0x0000, 0x0000, 0x0000, 0x0000, 0x0000, 0x0000,
    0x0000, 0x7C53, 0x6CBE, 0x4B7E, 0xA59E, 0x951F, 0x9D9E, 0x023D, 0x02DF, 0x0000, 0x0000, 0x0000, 0x0000, 0x0000, 0x0000, 0x0000,
    0x0000, 0x0000, 0x0000, 0x30A0, 0x0861, 0x0000, 0x0000, 0x0000, 0x0000, 0x0000, 0x0000, 0x0000, 0x0000, 0x0000, 0x0000, 0x0000,
    0x0000, 0x0000, 0x0000, 0x0000, 0x0000, 0x0000, 0x0000, 0x0000, 0x0000, 0x0000, 0x0000, 0x0000, 0x0000, 0x0000, 0x0000, 0x0000,
    0x0000, 0x0000, 0x0000, 0x0000, 0x0000, 0x0000, 0x0000, 0x0000, 0x0000, 0x0000, 0x0000, 0x0000, 0x0000, 0x0000, 0x0000, 0x0000,
    0x7C73, 0x647E, 0x435F, 0xD6FF, 0xCE9E, 0xA5BF, 0x957E, 0x021B, 0x027A, 0x0000, 0x0000, 0x0000, 0x0000, 0x0000, 0x0000, 0x0000,
    0x0000, 0x0000, 0x0000, 0x6203, 0x28E2, 0x0000, 0x0926, 0x63B1, 0x7495, 0x8CF6, 0x9536, 0x8CD5, 0x8494, 0x8493, 0x6C11, 0x638F,
    0x430E, 0x00A4, 0x1126, 0x0021, 0x0000, 0x0000, 0x0000, 0x0000, 0x0000, 0x0000, 0x0000, 0x0000, 0x0000, 0x0000, 0x0000, 0x0000,
    0x0000, 0x0000, 0x0000, 0x0000, 0x0000, 0x0000, 0x0000, 0x0000, 0x0000, 0x0000, 0x0000, 0x0000, 0x0000, 0x0000, 0x0000, 0x0000,
    0x229D, 0x01DE, 0xADDF, 0x84BF, 0xB61F, 0x331F, 0x023C, 0x029E, 0x0151, 0x0000, 0x0000, 0x0000, 0x0000, 0x0000, 0x0000, 0x0000,
    0x0000, 0x0000, 0x0000, 0x2187, 0x8CD4, 0xBE5A, 0xDF5E, 0xEF9F, 0xE75E, 0xEF9F, 0xFFFF, 0xFFFF, 0xFFFF, 0xFFFF, 0xF7DF, 0xF7DF,
    0xEFBF, 0xEF9E, 0xE79E, 0xDF3D, 0xDF1C, 0xC67B, 0xBE7B, 0xADD9, 0x9537, 0x9536, 0x8CD5, 0x84B5, 0x6BF1, 0x5B8F, 0x530D, 0x0906,
    0x1126, 0x0000, 0x0000, 0x0000, 0x0000, 0x0000, 0x0021, 0x0000, 0x0000, 0x0000, 0x0000, 0x0000, 0x0000, 0x0000, 0x0000, 0x01F2,
    0x01FD, 0x019E, 0x32DE, 0x2A9F, 0xDF5F, 0x025D, 0x021D, 0x029D, 0x0024, 0x0000, 0x0000, 0x0000, 0x0000, 0x0000, 0x0000, 0x0000,
    0x0000, 0x0000, 0x0043, 0x2AAD, 0x7C94, 0xAD96, 0xF7DF, 0xE77F, 0xE73D, 0xEF9F, 0xFFFF, 0xFFFF, 0xFFFF, 0xFFFF, 0xFFFF, 0xFFFF,
    0xFFFF, 0xEFBF, 0xE79F, 0xE7BF, 0xF7DF, 0xFFFF, 0xFFFF, 0xFFFF, 0xFFDF, 0xFFFF, 0xFFFF, 0xFFFF, 0xFFDF, 0xF7DF, 0xF7BF, 0xE77E,
    0xE77E, 0xDF1D, 0xC69B, 0xCEBB, 0xC67A, 0xBE39, 0xBE39, 0x9D36, 0x9D14, 0x94D4, 0x42EE, 0x08C4, 0x014B, 0x02B4, 0x03DA, 0x027D,
    0x017B, 0x019D, 0x019C, 0x3ABD, 0x9D5D, 0x01DC, 0x01FD, 0x0154, 0x0000, 0x0000, 0x0000, 0x0000, 0x0000, 0x0000, 0x0000, 0x0000,
    0x0020, 0x2166, 0xD71D, 0xDF3C, 0xC639, 0xDEDB, 0xFFFF, 0xDF5E, 0xD6BB, 0xE77E, 0xC659, 0xCE9A, 0xBE59, 0xBE59, 0xD6BB, 0xDF1C,
    0xDF1C, 0xC6BC, 0xDEFB, 0xE77E, 0xEF7D, 0xF7BE, 0xFFDF, 0xFFDF, 0xF7DF, 0xFFFF, 0xFFFF, 0xFFFF, 0xFFFF, 0xFFFF, 0xFFDF, 0xFFDF,
    0xFFDF, 0xFFDF, 0xF7DF, 0xFFFF, 0xFFFF, 0xFFFF, 0xF7DF, 0xF7DF, 0xF7DF, 0xF7BF, 0xEFBF, 0xEF7D, 0xD6FE, 0xD73F, 0x8DBC, 0x0379,
    0x03BB, 0x039B, 0x031B, 0x023A, 0x0178, 0x0158, 0x021D, 0x126E, 0x1B72, 0x01EF, 0x014D, 0x00EA, 0x0087, 0x0047, 0x0002, 0x0000,
    0x0000, 0x3293, 0x7D3D, 0x755D, 0x7D7D, 0x759E, 0x759E, 0x7D9D, 0x757E, 0x54DC, 0x549B, 0x5354, 0x3A94, 0x3254, 0x42B5, 0x4B38,
    0x8D39, 0x7D9B, 0x75BB, 0x96DF, 0xC73D, 0xC6DC, 0xC69A, 0xB5D7, 0xBE39, 0xCE9A, 0xCE79, 0xC659, 0xCE79, 0xCE9B, 0xCE9A, 0xDEDB,
    0xDF1C, 0xDF1C, 0xEF7D, 0xEF5D, 0xEF9E, 0xE75E, 0xEFBF, 0xFFFF, 0xF7BF, 0xF7DF, 0xE75E, 0xAE3C, 0xB61A, 0xB61A, 0xA5F9, 0xC75F,
    0xD7BF, 0xCF7F, 0xB71F, 0x95DF, 0x651F, 0x241C, 0x4C3C, 0x029A, 0x01F5, 0x1905, 0x2125, 0x634D, 0x532D, 0x5B6E, 0x0023, 0x0000,
    0x0000, 0x0002, 0x004D, 0x006D, 0x004D, 0x006D, 0x00CF, 0x422E, 0x428E, 0x212D, 0x42F2, 0x4AB0, 0x52EF, 0x52AF, 0x21EF, 0x00EE,
    0x00CF, 0x004E, 0x002B, 0x0A72, 0x02D3, 0x4CB9, 0x7D39, 0x7DBC, 0x8E1E, 0x8EBF, 0x96BF, 0x8EBF, 0x7E5E, 0x65FE, 0x7DFD, 0x963D,
    0xAE5D, 0xAE5D, 0xA5B8, 0xBE3A, 0xBE19, 0xADB7, 0xB5D8, 0x8CD5, 0x7432, 0x7C53, 0x73F1, 0xAD96, 0xC67A, 0xB6DF, 0xAE7D, 0xBEFE,
    0x9E7F, 0x3CBE, 0x3B77, 0x645D, 0x537A, 0x6C18, 0x6BD7, 0x19F4, 0x4B35, 0x5B71, 0x5350, 0x7411, 0x5B90, 0x5BD1, 0x00A7, 0x0044,
    0x0000, 0x0000, 0x00D0, 0x114F, 0x00AC, 0x0027, 0x0029, 0x000A, 0x000B, 0x0009, 0x0009, 0x216A, 0x31ED, 0x31ED, 0x19CE, 0x004A,
    0x0008, 0x002B, 0x0034, 0x0135, 0x09B6, 0x8495, 0xA599, 0xB5FA, 0xB61B, 0xA59A, 0x8D19, 0xA61B, 0xAE3B, 0x9DDA, 0xA535, 0x8452,
    0x73F0, 0x4AEE, 0x29EA, 0x324C, 0x29EB, 0x63B2, 0x63B2, 0x1BBA, 0x3378, 0x649A, 0x74DB, 0xA5BC, 0x5C3D, 0x133C, 0x133C, 0x3BBE,
    0x4C1C, 0x7CFB, 0x2A93, 0x08CC, 0x0049, 0x0047, 0x0049, 0x0049, 0x004C, 0x0000, 0x0000, 0x0000, 0x0000, 0x0000, 0x0000, 0x0000,
    0x0000, 0x0000, 0x0000, 0x8C93, 0x2291, 0x5371, 0x010D, 0x0029, 0x0028, 0x0007, 0x0006, 0x0005, 0x0003, 0x0002, 0x0002, 0x0003,
    0x0004, 0x0029, 0x002C, 0x0029, 0x63D1, 0xDF7F, 0xDF5E, 0xDF1D, 0xD6DD, 0xA599, 0xADDA, 0x4B30, 0x42AE, 0x3A8E, 0x428D, 0x4AEF,
    0x3A8D, 0x3AAE, 0x7C53, 0x9D78, 0x74D8, 0x2BB9, 0x445C, 0x03FE, 0x0BDB, 0x1C3B, 0x4C7C, 0x7D3D, 0x6CDC, 0x9539, 0x6458, 0x7458,
    0x4CF9, 0x2CDA, 0x351A, 0x23F6, 0x00D3, 0x0028, 0x0029, 0x0025, 0x0048, 0x0089, 0x0088, 0x0069, 0x0068, 0x0025, 0x0003, 0x0004,
    0x0000, 0x0000, 0x0000, 0x0000, 0x0000, 0x0000, 0x0000, 0x0024, 0x0027, 0x0027, 0x0004, 0x0027, 0x0027, 0x0005, 0x0006, 0x0005,
    0x6392, 0x21ED, 0x29EC, 0x218A, 0x426C, 0xDF5F, 0xE75F, 0xE75F, 0xDF3F, 0x6390, 0x8453, 0x9536, 0x7454, 0x5B91, 0x08A6, 0x08A9,
    0x1929, 0x0048, 0x3233, 0x5B9B, 0x8D1B, 0x6456, 0x33D7, 0x2C18, 0x2BD7, 0x547A, 0x6C99, 0x3BF8, 0x0336, 0x13D7, 0x0296, 0x0253,
    0x00EB, 0x010B, 0x00C8, 0x00A9, 0x0001, 0x00F1, 0x00EE, 0x00ED, 0x0111, 0x0154, 0x00EE, 0x00CC, 0x0089, 0x0066, 0x0024, 0x0023,
    0x0000, 0x0000, 0x0000, 0x0000, 0x0000, 0x0000, 0x0000, 0x0000, 0x0000, 0x0000, 0x0000, 0x0000, 0x0000, 0x0000, 0x0000, 0x0000,
    0x4A8B, 0x114A, 0x21ED, 0x196B, 0x8C93, 0x8D9E, 0x8D7D, 0x959C, 0x8DDD, 0x94F5, 0xAD76, 0x8472, 0x2968, 0x0047, 0x0049, 0x004B,
    0x006B, 0x006C, 0x006E, 0x004D, 0x004B, 0x006C, 0x004C, 0x00CE, 0x010E, 0x0151, 0x00ED, 0x00C9, 0x00CA, 0x00CA, 0x00A8, 0x0046,
    0x0046, 0x0088, 0x096B, 0x00E9, 0x00C9, 0x00E8, 0x00C7, 0x00C9, 0x014C, 0x00EA, 0x0065, 0x0044, 0x0065, 0x0024, 0x0000, 0x0000,
    0x0000, 0x0000, 0x0000, 0x0000, 0x0000, 0x0000, 0x0000, 0x0000, 0x0000, 0x0000, 0x0000, 0x0000, 0x0000, 0x0000, 0x0000, 0x0000,
    0x0000, 0x0000, 0x0000, 0x0000, 0x7C32, 0x0150, 0x0A32, 0x01F0, 0x01F0, 0x1948, 0x2967, 0x0883, 0x0000, 0x0000, 0x0000, 0x0000,
    0x0000, 0x0000, 0x0000, 0x0000, 0x0000, 0x0001, 0x0004, 0x0047, 0x00C8, 0x00A8, 0x016D, 0x2B52, 0x5C56, 0x84D8, 0x7CD8, 0x7D19,
    0x959C, 0x9DFE, 0xAE9E, 0xA65E, 0x8DFE, 0xA65E, 0x8DDD, 0x85FD, 0x863F, 0x757E, 0x141B, 0x3CB9, 0x0B56, 0x0B57, 0x01AF, 0x00CA,
    0x0000, 0x0000, 0x0000, 0x0000, 0x0000, 0x0000, 0x0000, 0x0000, 0x0000, 0x0000, 0x0000, 0x0000, 0x0000, 0x0000, 0x0000, 0x0000,
    0x0000, 0x0000, 0x0000, 0x0000, 0x0883, 0x0004, 0x0005, 0x0026, 0x0024, 0x0000, 0x0000, 0x0000, 0x0000, 0x0000, 0x0000, 0x0000,
    0x0000, 0x0000, 0x0000, 0x0000, 0x0000, 0x0000, 0x0000, 0x0000, 0x0000, 0x0000, 0x0000, 0x0000, 0x0005, 0x0047, 0x0048, 0x0087,
    0x0088, 0x01AF, 0x22AF, 0x1250, 0x01EE, 0x1A93, 0x01D1, 0x0252, 0x0A71, 0x01F1, 0x018E, 0x01CF, 0x014D, 0x012D, 0x0088, 0x0045,
    0x0000, 0x0000, 0x0000, 0x0000, 0x0000, 0x0000, 0x0000, 0x0000, 0x0000, 0x0000, 0x0000, 0x0000, 0x0000, 0x0000, 0x0000, 0x0000,
    0x0000, 0x0000, 0x0000, 0x0000, 0x0000, 0x0000, 0x0000, 0x0000, 0x0000, 0x0000, 0x0000, 0x0000, 0x0000, 0x0000, 0x0000, 0x0000,
    0x0000, 0x0000, 0x0000, 0x0000, 0x0000, 0x0000, 0x0000, 0x0000, 0x0000, 0x0000, 0x0000, 0x0000, 0x0000, 0x0000, 0x0000, 0x0000,
    0x0000, 0x0000, 0x0000, 0x0000, 0x0000, 0x0000, 0x0000, 0x0000, 0x0000, 0x0000, 0x0000, 0x0000, 0x0000, 0x0000, 0x0000, 0x0000,
    0x0000, 0x0000, 0x0000, 0x0000, 0x0000, 0x0000, 0x0000, 0x0000, 0x0000, 0x0000, 0x0000, 0x0000, 0x0000, 0x0000, 0x0000, 0x0000,
    0x0000, 0x0000, 0x0000, 0x0000, 0x0000, 0x0000, 0x0000, 0x0000, 0x0000, 0x0000, 0x0000, 0x0000, 0x0000, 0x0000, 0x0000, 0x0000,
    0x0000, 0x0000, 0x0000, 0x0000, 0x0000, 0x0000, 0x0000, 0x0000, 0x0000, 0x0000, 0x0000, 0x0000, 0x0000, 0x0000, 0x0000, 0x0000,
    0x0000, 0x0000, 0x0000, 0x0000, 0x0000, 0x0000, 0x0000, 0x0000, 0x0000, 0x0000, 0x0000, 0x0000, 0x0000, 0x0000, 0x0000, 0x0000,
    0x0000, 0x0000, 0x0000, 0x0000, 0x0000, 0x0000, 0x0000, 0x0000, 0x0000, 0x0000, 0x0000, 0x0000, 0x0000, 0x0000, 0x0000, 0x0000,
    0x0000, 0x0000, 0x0000, 0x0000, 0x0000, 0x0000, 0x0000, 0x0000, 0x0000, 0x0000, 0x0000, 0x0000, 0x0000, 0x0000, 0x0000, 0x0000,
    0x0000, 0x0000, 0x0000, 0x0000, 0x0000, 0x0000, 0x0000, 0x0000, 0x0000, 0x0000, 0x0000, 0x0000, 0x0000, 0x0000, 0x0000, 0x0000,
    0x0000, 0x0000, 0x0000, 0x0000, 0x0000, 0x0000, 0x0000, 0x0000, 0x0000, 0x0000, 0x0000, 0x0000, 0x0000, 0x0000, 0x0000, 0x0000,
    0x0000, 0x0000, 0x0000, 0x0000, 0x0000, 0x0000, 0x0000, 0x0000, 0x0000, 0x0000, 0x0000, 0x0000, 0x0000, 0x0000, 0x0000, 0x0000,
    0x0000, 0x0000, 0x0000, 0x0000, 0x0000, 0x0000, 0x0000, 0x0000, 0x0000, 0x0000, 0x0000, 0x0000, 0x0000, 0x0000, 0x0000, 0x0000,
    0x0000, 0x0000, 0x0000, 0x0000, 0x0000, 0x0000, 0x0000, 0x0000, 0x0000, 0x0000, 0x0000, 0x0000, 0x0000, 0x0000, 0x0000, 0x0000,
    0x0000, 0x0000, 0x0000, 0x0000, 0x0000, 0x0000, 0x0000, 0x0000, 0x0000, 0x0000, 0x0000, 0x0000, 0x0000, 0x0000, 0x0000, 0x0000,
};

constexpr uint16_t kSpriteBoeing747[2048] = {
    0x0000, 0x0000, 0x0000, 0x0000, 0x0000, 0x0000, 0x0000, 0x0000, 0x0000, 0x0000, 0x0000, 0x0000, 0x0000, 0x0000, 0x0000, 0x0000,
    0x0000, 0x0000, 0x0000, 0x0000, 0x0000, 0x0000, 0x0000, 0x0000, 0x0000, 0x0000, 0x0000, 0x0000, 0x0000, 0x0000, 0x0000, 0x0000,
    0x0000, 0x0000, 0x0000, 0x0000, 0x0000, 0x0000, 0x0000, 0x0000, 0x0000, 0x0000, 0x0000, 0x0000, 0x0000, 0x0000, 0x0000, 0x0000,
    0x0000, 0x0000, 0x0000, 0x0000, 0x0000, 0x0000, 0x0000, 0x0000, 0x0000, 0x0000, 0x0000, 0x0000, 0x0000, 0x0000, 0x0000, 0x0000,
    0x0020, 0x0000, 0x0000, 0x0000, 0x0000, 0x0000, 0x0000, 0x0000, 0x0000, 0x0000, 0x0000, 0x0000, 0x0000, 0x0000, 0x0000, 0x0000,
    0x0000, 0x0000, 0x0000, 0x0000, 0x0000, 0x0000, 0x0000, 0x0000, 0x0000, 0x0000, 0x0000, 0x0000, 0x0000, 0x0000, 0x0000, 0x0000,
    0x0000, 0x0000, 0x0000, 0x0000, 0x0000, 0x0000, 0x0000, 0x0000, 0x0000, 0x0000, 0x0000, 0x0000, 0x0000, 0x0000, 0x0000, 0x0000,
    0x0000, 0x0000, 0x0000, 0x0000, 0x0000, 0x0000, 0x0000, 0x0000, 0x0000, 0x0000, 0x0000, 0x0000, 0x0000, 0x0000, 0x0000, 0x0000,
    0x0020, 0x0000, 0x0000, 0x0000, 0x0000, 0x0000, 0x0000, 0x0000, 0x0000, 0x0000, 0x0000, 0x0000, 0x0000, 0x0000, 0x0000, 0x0000,
    0x0000, 0x0000, 0x0000, 0x0000, 0x0000, 0x0000, 0x0000, 0x0000, 0x0000, 0x0000, 0x0000, 0x0000, 0x0000, 0x0000, 0x0000, 0x0000,
    0x0000, 0x0000, 0x0000, 0x0000, 0x0000, 0x0000, 0x0000, 0x0000, 0x0000, 0x0000, 0x0000, 0x0000, 0x0000, 0x0000, 0x0000, 0x0000,
    0x0000, 0x0000, 0x0000, 0x0000, 0x0000, 0x0000, 0x0000, 0x0000, 0x0000, 0x0000, 0x0000, 0x0000, 0x0000, 0x0000, 0x0000, 0x0000,
    0x0020, 0x0000, 0x0000, 0x0000, 0x0000, 0x0000, 0x0000, 0x0000, 0x0000, 0x0000, 0x0000, 0x0000, 0x0000, 0x0000, 0x0000, 0x0000,
    0x0000, 0x0000, 0x0000, 0x0000, 0x0000, 0x0000, 0x0000, 0x0000, 0x0000, 0x0000, 0x0000, 0x0000, 0x0000, 0x0000, 0x0000, 0x0000,
    0x0000, 0x0000, 0x0000, 0x0000, 0x0000, 0x0000, 0x0000, 0x0000, 0x0000, 0x0000, 0x0000, 0x0000, 0x0000, 0x0000, 0x0000, 0x0000,
    0x0000, 0x0000, 0x0000, 0x0000, 0x0000, 0x0000, 0x0000, 0x0000, 0x0000, 0x0000, 0x0000, 0x0000, 0x0000, 0x0000, 0x0000, 0x0000,
    0x0020, 0x0000, 0x0000, 0x0000, 0x0000, 0x0000, 0x0000, 0x0000, 0x0000, 0x0000, 0x0000, 0x0000, 0x0000, 0x0000, 0x0000, 0x0000,
    0x0000, 0x0000, 0x0000, 0x0000, 0x0000, 0x0000, 0x0000, 0x0000, 0x0000, 0x0000, 0x0000, 0x0000, 0x0000, 0x0000, 0x0000, 0x0000,
    0x0000, 0x0000, 0x0000, 0x0000, 0x0000, 0x0000, 0x0000, 0x0000, 0x0000, 0x0000, 0x0000, 0x0000, 0x0000, 0x0000, 0x0000, 0x0000,
    0x0000, 0x0000, 0x0000, 0x0000, 0x0000, 0x0000, 0x0000, 0x0000, 0x0000, 0x0000, 0x0000, 0x0000, 0x0000, 0x0000, 0x0000, 0x0000,
    0x0020, 0x0000, 0x0000, 0x0000, 0x0000, 0x0000, 0x0000, 0x0000, 0x0000, 0x0000, 0x0000, 0x0000, 0x0000, 0x0000, 0x0000, 0x0000,
    0x0000, 0x0000, 0x0000, 0x0000, 0x0000, 0x0000, 0x0000, 0x0000, 0x0000, 0x0000, 0x0000, 0x0000, 0x0000, 0x0000, 0x0000, 0x0000,
    0x0000, 0x0000, 0x0000, 0x0000, 0x0000, 0x0000, 0x0000, 0x0000, 0x0000, 0x0000, 0x0000, 0x0000, 0x0000, 0x0000, 0x0000, 0x0000,
    0x0000, 0x0000, 0x0000, 0x0000, 0x0000, 0x0000, 0x0000, 0x0000, 0x0000, 0x0000, 0x014D, 0x010C, 0x00EC, 0x00CD, 0x0000, 0x0000,
    0x0020, 0x0000, 0x0000, 0x0000, 0x0000, 0x0000, 0x0000, 0x0000, 0x0000, 0x0000, 0x0000, 0x0000, 0x0000, 0x0000, 0x0000, 0x0000,
    0x0000, 0x0000, 0x0000, 0x0000, 0x0000, 0x0000, 0x0000, 0x0000, 0x0000, 0x0000, 0x0000, 0x0000, 0x0000, 0x0000, 0x0000, 0x0000,
    0x0000, 0x0000, 0x0000, 0x0000, 0x0000, 0x0000, 0x0000, 0x0000, 0x0000, 0x0000, 0x0000, 0x0000, 0x0000, 0x0000, 0x0000, 0x0000,
    0x0000, 0x0000, 0x0000, 0x0000, 0x0000, 0x0000, 0x0000, 0x0000, 0x0000, 0x3A8B, 0x023F, 0x01FC, 0x01DB, 0x01DB, 0x0000, 0x0000,
    0x0000, 0x0000, 0x0000, 0x0000, 0x0000, 0x0000, 0x0000, 0x0000, 0x0000, 0x0000, 0x0000, 0x0000, 0x0000, 0x0000, 0x0000, 0x0000,
    0x0000, 0x0000, 0x0000, 0x0000, 0x0000, 0x0000, 0x0000, 0x0000, 0x0000, 0x0000, 0x0000, 0x0000, 0x0000, 0x0000, 0x0000, 0x0000,
    0x0000, 0x0000, 0x0000, 0x0000, 0x0000, 0x0000, 0x0000, 0x0000, 0x0000, 0x0000, 0x0000, 0x0000, 0x0000, 0x0000, 0x0000, 0x0000,
    0x0000, 0x0000, 0x0000, 0x0000, 0x0000, 0x0000, 0x0000, 0x0000, 0x63B0, 0x5C3D, 0x2A5C, 0x01FD, 0x01FD, 0x0175, 0x0000, 0x0000,
    0x0020, 0x0000, 0x0000, 0x0000, 0x0000, 0x0000, 0x0000, 0x0000, 0x0000, 0x0000, 0x0000, 0x0000, 0x0000, 0x0000, 0x0000, 0x0000,
    0x0000, 0x0000, 0x0000, 0x0000, 0x0000, 0x0000, 0x0000, 0x0000, 0x0000, 0x0000, 0x0000, 0x0000, 0x0000, 0x0000, 0x0000, 0x0000,
    0x0000, 0x0000, 0x0000, 0x0000, 0x0000, 0x0000, 0x0000, 0x0000, 0x0000, 0x0000, 0x0000, 0x0000, 0x0000, 0x0000, 0x0000, 0x0000,
    0x0000, 0x0000, 0x0000, 0x0000, 0x0000, 0x0000, 0x0000, 0x8473, 0x53DE, 0x8CDF, 0x5B7D, 0x01BC, 0x027E, 0x00AA, 0x0000, 0x0000,
    0x0020, 0x0000, 0x0000, 0x0000, 0x0000, 0x0000, 0x0000, 0x0000, 0x0000, 0x0000, 0x0000, 0x0000, 0x0000, 0x0000, 0x0000, 0x0000,
    0x0000, 0x0000, 0x0000, 0x0000, 0x0000, 0x0000, 0x0000, 0x0000, 0x0000, 0x0000, 0x0000, 0x0000, 0x0000, 0x0000, 0x0000, 0x0000,
    0x0000, 0x0000, 0x0000, 0x0000, 0x0000, 0x0000, 0x0000, 0x0000, 0x0000, 0x0000, 0x0000, 0x0000, 0x0000, 0x0000, 0x0000, 0x0000,
    0x0000, 0x0000, 0x0000, 0x0000, 0x0000, 0x2125, 0x9D58, 0x4C1F, 0x433E, 0xC67E, 0x431D, 0x023D, 0x0218, 0x0000, 0x0000, 0x0000,
    0x0020, 0x0000, 0x0000, 0x0000, 0x0000, 0x0000, 0x0000, 0x0000, 0x0000, 0x0000, 0x0000, 0x0000, 0x0000, 0x0000, 0x0000, 0x0000,
    0x0000, 0x0000, 0x0000, 0x0000, 0x0000, 0x0000, 0x0000, 0x0000, 0x0000, 0x0000, 0x0000, 0x0000, 0x0000, 0x0000, 0x0000, 0x0000,
    0x0000, 0x0000, 0x0000, 0x0000, 0x0000, 0x0000, 0x0000, 0x0000, 0x0000, 0x0000, 0x0000, 0x0000, 0x0000, 0x0000, 0x0000, 0x0000,
    0x0000, 0x0000, 0x0000, 0x0000, 0x0000, 0xADDA, 0x4BBE, 0x84DE, 0x955D, 0x0A19, 0x84BD, 0x0ADE, 0x012F, 0x0000, 0x0000, 0x0000,
    0x0020, 0x0000, 0x0000, 0x0000, 0x0000, 0x0000, 0x0000, 0x0000, 0x0000, 0x0000, 0x0000, 0x0000, 0x0000, 0x0000, 0x0000, 0x0000,
    0x0000, 0x0000, 0x0000, 0x0000, 0x0000, 0x0000, 0x0000, 0x0000, 0x0000, 0x0000, 0x0000, 0x0000, 0x0000, 0x0000, 0x0000, 0x0000,
    0x0000, 0x0000, 0x0000, 0x0000, 0x0000, 0x0000, 0x0000, 0x0000, 0x0000, 0x0000, 0x0000, 0x0000, 0x0000, 0x0000, 0x0000, 0x0000,
    0x0000, 0x0000, 0x0000, 0x0000, 0x52CB, 0x333E, 0x32BD, 0xBE5E, 0xD71F, 0x5359, 0x537C, 0x027B, 0x0023, 0x0000, 0x0000, 0x0000,
    0x0020, 0x0000, 0x0000, 0x0000, 0x0000, 0x0000, 0x0000, 0x0000, 0x0000, 0x0000, 0x0000, 0x0000, 0x0000, 0x0000, 0x0000, 0x0000,
    0x0000, 0x0000, 0x0000, 0x0000, 0x0000, 0x0000, 0x0000, 0x0000, 0x0000, 0x0000, 0x0000, 0x0000, 0x0000, 0x0000, 0x0000, 0x0000,
    0x0000, 0x0000, 0x0000, 0x0000, 0x0000, 0x0000, 0x0000, 0x0000, 0x0000, 0x0000, 0x0000, 0x0000, 0x0000, 0x0000, 0x0000, 0x0000,
    0x0000, 0x0000, 0x0000, 0x738E, 0x9DFD, 0x957E, 0x53BD, 0xA5BE, 0xEF9F, 0x743C, 0x02BE, 0x01B2, 0x0000, 0x0000, 0x0000, 0x0000,
    0x0020, 0x0000, 0x0000, 0x0000, 0x0000, 0x0000, 0x0000, 0x0000, 0x0000, 0x0000, 0x0000, 0x0000, 0x0000, 0x0000, 0x0000, 0x0000,
    0x0000, 0x0000, 0x0000, 0x0000, 0x0000, 0x0000, 0x0000, 0x0000, 0x0000, 0x0000, 0x0000, 0x0000, 0x0000, 0x0000, 0x0000, 0x0000,
    0x0000, 0x0000, 0x0000, 0x0000, 0x0000, 0x0000, 0x0000, 0x0000, 0x0000, 0x0000, 0x0000, 0x0000, 0x0000, 0x0000, 0x0000, 0x0000,
    0x0000, 0x0000, 0x8472, 0x8D9E, 0x335E, 0xD6FF, 0x7C9E, 0xD6FF, 0x953E, 0x3ADE, 0x029D, 0x0066, 0x0000, 0x0000, 0x0000, 0x0000,
    0x0020, 0x0000, 0x0000, 0x0000, 0x0000, 0x0000, 0x0000, 0x0000, 0x0000, 0x0000, 0x0000, 0x0000, 0x0000, 0x0000, 0x0000, 0x0000,
    0x0000, 0x0000, 0x0000, 0x0000, 0x0000, 0x0000, 0x0000, 0x0000, 0x0000, 0x0000, 0x0000, 0x0000, 0x0000, 0x0000, 0x0000, 0x0000,
    0x0000, 0x0000, 0x0000, 0x0000, 0x0000, 0x0000, 0x0000, 0x0000, 0x0000, 0x0000, 0x0000, 0x0000, 0x0000, 0x0000, 0x0000, 0x0000,
    0x0000, 0x8CD5, 0x6C9E, 0x01DB, 0x84DD, 0xBE1F, 0x431E, 0x431E, 0x023F, 0x01FC, 0x01B5, 0x0000, 0x0000, 0x0000, 0x0000, 0x0000,
    0x0000, 0x0000, 0x0000, 0x0000, 0x0000, 0x0000, 0x0000, 0x2167, 0x7C52, 0x9D57, 0xB5F8, 0xB5F8, 0xADD8, 0x9536, 0x7C53, 0x5B70,
    0x3A8C, 0x1926, 0x0000, 0x0000, 0x0000, 0x0000, 0x0000, 0x0000, 0x0000, 0x0000, 0x0000, 0x0000, 0x0000, 0x0000, 0x0000, 0x0000,
    0x0000, 0x0000, 0x0000, 0x0000, 0x0000, 0x0000, 0x0000, 0x0000, 0x0000, 0x0000, 0x0000, 0x0000, 0x0000, 0x0000, 0x0000, 0x0000,
    0x31A7, 0x4BDE, 0x023F, 0x021D, 0x229D, 0xD6FF, 0x6C1C, 0x019C, 0x01FD, 0x01FD, 0x0068, 0x0000, 0x0000, 0x0000, 0x0000, 0x0000,
    0x0000, 0x0000, 0x0000, 0x0000, 0x0000, 0x0000, 0x1147, 0xA576, 0xC639, 0xF79E, 0xE77F, 0xFFDF, 0xFFFF, 0xFFDF, 0xF7BF, 0xEF9F,
    0xE77F, 0xDF3E, 0xD6FD, 0xB5D9, 0xA576, 0x7412, 0x42EE, 0x0000, 0x0000, 0x0000, 0x0000, 0x0000, 0x0000, 0x0000, 0x0000, 0x0000,
    0x0000, 0x0000, 0x0000, 0x0000, 0x0000, 0x0000, 0x0000, 0x0000, 0x0000, 0x0000, 0x0000, 0x0000, 0x0000, 0x0000, 0x2986, 0x8C92,
    0xB61C, 0x021E, 0x01FB, 0x019C, 0x01BB, 0x953E, 0x221C, 0x01BC, 0x01B9, 0x01FD, 0x0000, 0x0000, 0x1082, 0x2145, 0x0000, 0x0000,
    0x0000, 0x0000, 0x0000, 0x0000, 0x0000, 0x1147, 0xC65A, 0xBE18, 0xCE59, 0xFFDF, 0xE79F, 0xCE7A, 0xC67B, 0xC67B, 0xC6BC, 0xCEDE,
    0xCEDE, 0xD6FE, 0xD6FE, 0xDF3F, 0xE77F, 0xEF9F, 0xEF9F, 0xD6FC, 0xBE5A, 0xA556, 0x4B10, 0x320A, 0x0000, 0x0000, 0x0883, 0x08A4,
    0x0000, 0x0000, 0x0000, 0x0021, 0x0042, 0x0021, 0x0021, 0x0021, 0x1105, 0x0062, 0x0062, 0x3208, 0x52EC, 0xADF9, 0xCEDD, 0xBE7D,
    0x3278, 0x01BC, 0x01BA, 0x0179, 0x0177, 0x021D, 0x021A, 0x0A5B, 0x5C9A, 0x9D9C, 0xDEFC, 0xBE3A, 0xA555, 0x7C51, 0x2188, 0x0021,
    0x0000, 0x0000, 0x0000, 0x0020, 0x7412, 0xDF3D, 0xFFDF, 0xFFFF, 0xFFFF, 0xFFDF, 0xE77F, 0xEF9E, 0xEF7E, 0xEF9E, 0xDF3E, 0xD71E,
    0xDF1E, 0xD71E, 0xD6FE, 0xE75F, 0xE75F, 0xDF3F, 0xDF1F, 0xE75F, 0xE75F, 0xE77F, 0xD71E, 0xDF5F, 0xE73D, 0xE75D, 0xE75E, 0xDF3E,
    0xDF1D, 0xDF3D, 0xE73D, 0xE75D, 0xE75D, 0xE75D, 0xE75D, 0xE75D, 0xE77E, 0xEF7E, 0xEF7D, 0xEFBF, 0xF7DF, 0xEF9F, 0xEFBF, 0xD73E,
    0x861E, 0x8E3F, 0x967F, 0x5DFF, 0x457E, 0x75BF, 0xC6BF, 0xC6FE, 0xB6DD, 0x8DDA, 0x9536, 0x5B92, 0x3A8D, 0x2189, 0x1947, 0x0021,
    0x0000, 0x0000, 0x08A3, 0xA5B8, 0xF7DF, 0xFFFF, 0xFFFF, 0xFFFF, 0xFFFF, 0xFFFF, 0xE77F, 0xFFDF, 0xFFDF, 0xFFFF, 0xFFDF, 0xE79F,
    0xFFFF, 0xF7DF, 0xE77F, 0xF7BF, 0xEF9F, 0xEF9F, 0xEFBF, 0xFFFF, 0xFFFF, 0xFFFF, 0xFFDF, 0xFFDF, 0xFFFF, 0xFFFF, 0xFFFF, 0xFFFF,
    0xFFFF, 0xFFFF, 0xF7BF, 0xF7DF, 0xFFFF, 0xFFFF, 0xFFFF, 0xFFFF, 0xFFFF, 0xFFFF, 0xFFFF, 0xFFFF, 0xFFFF, 0xFFDF, 0xF7DF, 0xCFBF,
    0xDFDF, 0xA6FF, 0x7E7F, 0x651B, 0x6417, 0x7CB6, 0x6BD1, 0x3A6D, 0x196A, 0x008B, 0x008A, 0x00F0, 0x0022, 0x0000, 0x0000, 0x0000,
    0x0000, 0x0000, 0x4D37, 0xBEBC, 0xCE7A, 0xBE39, 0xC67B, 0xBE7A, 0xC6BC, 0xD73E, 0xDF3D, 0xE73D, 0xE73D, 0xE71D, 0xDF3D, 0xD71E,
    0xDF3E, 0xCEFE, 0xDF3E, 0xE77F, 0xE75E, 0xE77F, 0xE77E, 0xE73D, 0xDF3D, 0xE73D, 0xDF1C, 0xDF3D, 0xDF1C, 0xD6DC, 0xE73D, 0xE75D,
    0xDF1C, 0xD6FC, 0xE75D, 0xDF3D, 0xE73C, 0xE73C, 0xE73D, 0xDF1C, 0xDF1C, 0xCEDC, 0xD6FC, 0xD6BB, 0xDF1D, 0xD73E, 0x7D9E, 0x6D9E,
    0x8DBD, 0x8DBE, 0x9D5A, 0x7437, 0x3BD4, 0x09EE, 0x008A, 0x0049, 0x0006, 0x0006, 0x004A, 0x0024, 0x0000, 0x0000, 0x0000, 0x0000,
    0x0020, 0x0000, 0x12B3, 0x5BF9, 0x5BDA, 0x4C1A, 0x7D39, 0x9D79, 0x959A, 0x7D1B, 0x851C, 0xADBA, 0x84D9, 0x4AD7, 0x42D5, 0x2A34,
    0x3AD8, 0x7CBB, 0x53F9, 0x859B, 0x757C, 0x961E, 0x8E7F, 0xB69D, 0xBEDD, 0xC6FD, 0xD6FD, 0xC6DC, 0xBEBC, 0xAE9C, 0xB6BD, 0xA65C,
    0x6DDC, 0x7E1C, 0x7E1D, 0x75BC, 0x6D3C, 0x7D5B, 0x857C, 0x857B, 0x9DBB, 0xB63B, 0xB63B, 0xA61B, 0xA5FB, 0x9579, 0x8D37, 0x8D17,
    0x8D39, 0x6BF6, 0x745A, 0x2AB9, 0x0151, 0x0069, 0x0049, 0x0048, 0x0048, 0x0048, 0x00C9, 0x00EA, 0x00A7, 0x00A7, 0x0043, 0x0022,
    0x0841, 0x0000, 0x0004, 0x0027, 0x0009, 0x002E, 0x004E, 0x002E, 0x008E, 0x000C, 0x18EC, 0x002B, 0x116E, 0x090E, 0x092E, 0x21AE,
    0x08AD, 0x00AD, 0x002F, 0x0071, 0x0050, 0x3253, 0x4B35, 0x5C15, 0x6C98, 0x6CDB, 0x7D5D, 0x8DDD, 0x85BE, 0x85BE, 0x8DFE, 0x9DFD,
    0x9DFC, 0xB65C, 0xADB9, 0xADD8, 0x9CF4, 0x8CB3, 0xA556, 0xA598, 0x7C95, 0x530E, 0x3A6C, 0x21A9, 0x29EA, 0x4B94, 0xC67A, 0xA61D,
    0x4BBB, 0x0155, 0x00D3, 0x00AE, 0x0049, 0x0067, 0x0001, 0x0000, 0x0000, 0x0000, 0x0000, 0x0000, 0x0000, 0x0000, 0x0000, 0x0000,
    0x0020, 0x0000, 0x0000, 0x0003, 0x008A, 0x0192, 0x0007, 0x0009, 0x21F1, 0x000B, 0x006C, 0x0009, 0x002B, 0x006D, 0x110E, 0x218E,
    0x088C, 0x002D, 0x002B, 0x1239, 0xB63C, 0xDF3E, 0xDEFD, 0xC65A, 0xBE3A, 0xBDF9, 0x9CF5, 0x94D3, 0xAD97, 0x94F5, 0x73B1, 0x5B4F,
    0x21CC, 0x19CC, 0x19AB, 0x9D57, 0xD71D, 0xD6DD, 0xBE1A, 0x7C75, 0x6416, 0x42D0, 0x324E, 0x322C, 0x5BB1, 0x0AB7, 0x42B2, 0x2211,
    0x0170, 0x01F0, 0x2AAF, 0x2A4B, 0x6413, 0x8536, 0x5C34, 0x5496, 0x4BB4, 0x4B92, 0x1A90, 0x018E, 0x01AD, 0x092A, 0x00C7, 0x0085,
    0x0000, 0x0000, 0x0000, 0x0000, 0x0000, 0x8CD6, 0x0951, 0x006B, 0x0028, 0x0027, 0x0004, 0x0006, 0x0004, 0x0004, 0x0004, 0x0005,
    0x0005, 0x0008, 0x0050, 0x08ED, 0x4B74, 0x53B5, 0x5BB3, 0x6390, 0x8CD4, 0xAD98, 0xADD9, 0xAD98, 0x9D9A, 0x6415, 0x3A8E, 0x29EC,
    0x198A, 0x19AB, 0x2A2D, 0xA577, 0xD71F, 0xD73F, 0xDF5F, 0xAD97, 0x7C53, 0x3AD0, 0x114E, 0x08CB, 0x3A8F, 0x0068, 0x0045, 0x0044,
    0x0023, 0x01AC, 0x2AAE, 0x19EA, 0x64B7, 0xA597, 0x7CF7, 0x8578, 0x6C77, 0x7497, 0x4BF8, 0x0AF7, 0x3395, 0x098C, 0x00E7, 0x00C7,
    0x0020, 0x0000, 0x0000, 0x0000, 0x0000, 0x0863, 0x1128, 0x08E8, 0x00C9, 0x0026, 0x0027, 0x004B, 0x004B, 0x006B, 0x006C, 0x006A,
    0x0028, 0x0028, 0x0008, 0x0009, 0x0008, 0x08A9, 0x112B, 0x9D36, 0xEF9F, 0xEFBF, 0xEFBF, 0xCEBE, 0x5B4F, 0x63F3, 0x6C35, 0x4B53,
    0x1968, 0x0045, 0x63B1, 0x6BF2, 0x855C, 0x855C, 0x6CFC, 0x6C97, 0xA577, 0x424A, 0x0026, 0x01AE, 0x32EF, 0x0906, 0x08E6, 0x00A4,
    0x0000, 0x0000, 0x0000, 0x0000, 0x0000, 0x0000, 0x0022, 0x0022, 0x0085, 0x0022, 0x0044, 0x0044, 0x0064, 0x0022, 0x0000, 0x0000,
    0x0020, 0x0000, 0x0000, 0x0000, 0x0000, 0x0000, 0x0000, 0x0000, 0x0000, 0x0000, 0x0000, 0x0000, 0x0000, 0x0000, 0x0000, 0x0000,
    0x0000, 0x00A8, 0x322E, 0x2A71, 0x118D, 0x0028, 0x0007, 0x8C93, 0xB69E, 0xAE7F, 0x965F, 0xA69F, 0xADB7, 0x7BF0, 0x5B0E, 0x10E9,
    0x002A, 0x006B, 0x5331, 0x5B50, 0x322F, 0x014F, 0x014E, 0x010C, 0x10E6, 0x0000, 0x0000, 0x00C7, 0x2ACF, 0x7495, 0x8D99, 0x8D78,
    0x95B9, 0x7495, 0x7D79, 0x1A91, 0x0A10, 0x11ED, 0x00C8, 0x0128, 0x00E8, 0x00C8, 0x0064, 0x0043, 0x0043, 0x0000, 0x0000, 0x0000,
    0x0020, 0x0000, 0x0000, 0x0000, 0x0000, 0x0000, 0x0000, 0x0000, 0x0000, 0x0000, 0x0000, 0x0000, 0x0000, 0x0000, 0x0000, 0x0000,
    0x0000, 0x0000, 0x0000, 0x0043, 0x0000, 0x0000, 0x0000, 0x63B2, 0x1294, 0x1AB4, 0x22B4, 0x1292, 0x3A2B, 0x2147, 0x10E4, 0x0000,
    0x0000, 0x0000, 0x0000, 0x0065, 0x0046, 0x0024, 0x0001, 0x0023, 0x0000, 0x0000, 0x0000, 0x0000, 0x0000, 0x0000, 0x00A5, 0x00C7,
    0x32F2, 0x6415, 0xC6DE, 0xAE1B, 0xA61C, 0xBE7D, 0x8D5B, 0x6C78, 0x6C36, 0x63D4, 0x42F0, 0x1A2E, 0x2A6E, 0x21CB, 0x08E7, 0x0064,
    0x0000, 0x0000, 0x0000, 0x0000, 0x0000, 0x0000, 0x0000, 0x0000, 0x0000, 0x0000, 0x0000, 0x0000, 0x0000, 0x0000, 0x0000, 0x0000,
    0x0000, 0x0000, 0x0000, 0x0000, 0x0000, 0x0000, 0x0000, 0x52EE, 0x00AB, 0x00CB, 0x00AC, 0x008A, 0x0043, 0x0001, 0x0000, 0x0000,
    0x0000, 0x0000, 0x0000, 0x0000, 0x0000, 0x0000, 0x0000, 0x0000, 0x0000, 0x0000, 0x0000, 0x0000, 0x0000, 0x0000, 0x0000, 0x0000,
    0x0000, 0x0022, 0x09CE, 0x00E9, 0x224E, 0x2A90, 0x5395, 0x4B54, 0x6392, 0x7C55, 0x4B30, 0x2AF3, 0x32F0, 0x328F, 0x0908, 0x00C7,
    0x0000, 0x0000, 0x0000, 0x0000, 0x0000, 0x0000, 0x0000, 0x0000, 0x0000, 0x0000, 0x0000, 0x0000, 0x0000, 0x0000, 0x0000, 0x0000,
    0x0000, 0x0000, 0x0000, 0x0000, 0x0000, 0x0000, 0x0000, 0x0000, 0x0000, 0x0000, 0x0000, 0x0000, 0x0000, 0x0000, 0x0000, 0x0000,
    0x0000, 0x0000, 0x0000, 0x0000, 0x0000, 0x0000, 0x0000, 0x0000, 0x0000, 0x0000, 0x0000, 0x0000, 0x0000, 0x0000, 0x0000, 0x0000,
    0x0000, 0x0000, 0x0000, 0x0000, 0x0000, 0x0000, 0x0000, 0x0022, 0x0000, 0x0084, 0x0042, 0x0084, 0x0043, 0x0021, 0x0021, 0x0021,
    0x0000, 0x0000, 0x0000, 0x0000, 0x0000, 0x0000, 0x0000, 0x0000, 0x0000, 0x0000, 0x0000, 0x0000, 0x0000, 0x0000, 0x0000, 0x0000,
    0x0000, 0x0000, 0x0000, 0x0000, 0x0000, 0x0000, 0x0000, 0x0000, 0x0000, 0x0000, 0x0000, 0x0000, 0x0000, 0x0000, 0x0000, 0x0000,
    0x0000, 0x0000, 0x0000, 0x0000, 0x0000, 0x0000, 0x0000, 0x0000, 0x0000, 0x0000, 0x0000, 0x0000, 0x0000, 0x0000, 0x0000, 0x0000,
    0x0000, 0x0000, 0x0000, 0x0000, 0x0000, 0x0000, 0x0000, 0x0000, 0x0000, 0x0000, 0x0000, 0x0000, 0x0000, 0x0000, 0x0000, 0x0000,
    0x0020, 0x0000, 0x0000, 0x0000, 0x0000, 0x0000, 0x0000, 0x0000, 0x0000, 0x0000, 0x0000, 0x0000, 0x0000, 0x0000, 0x0000, 0x0000,
    0x0000, 0x0000, 0x0000, 0x0000, 0x0000, 0x0000, 0x0000, 0x0000, 0x0000, 0x0000, 0x0000, 0x0000, 0x0000, 0x0000, 0x0000, 0x0000,
    0x0000, 0x0000, 0x0000, 0x0000, 0x0000, 0x0000, 0x0000, 0x0000, 0x0000, 0x0000, 0x0000, 0x0000, 0x0000, 0x0000, 0x0000, 0x0000,
    0x0000, 0x0000, 0x0000, 0x0000, 0x0000, 0x0000, 0x0000, 0x0000, 0x0000, 0x0000, 0x0000, 0x0000, 0x0000, 0x0000, 0x0000, 0x0000,
};

constexpr uint16_t kSpriteEc130[2048] = {
    0x0020, 0x0000, 0x0000, 0x0000, 0x0000, 0x0000, 0x0000, 0x0000, 0x0000, 0x0000, 0x0000, 0x0000, 0x0000, 0x0000, 0x0000, 0x0000,
    0x0000, 0x0000, 0x0000, 0x0000, 0x0000, 0x0000, 0x0000, 0x0000, 0x0000, 0x0000, 0x0000, 0x0000, 0x0000, 0x0000, 0x0000, 0x0000,
    0x0000, 0x0000, 0x0000, 0x0000, 0x0000, 0x0000, 0x0000, 0x0000, 0x0000, 0x0000, 0x0000, 0x0000, 0x0000, 0x0000, 0x0000, 0x0000,
    0x0000, 0x0000, 0x0000, 0x0000, 0x0000, 0x0000, 0x0000, 0x0000, 0x0000, 0x0000, 0x0000, 0x0000, 0x0000, 0x0000, 0x0000, 0x0000,
    0x0020, 0x0000, 0x0000, 0x0000, 0x0000, 0x0000, 0x0000, 0x0000, 0x0000, 0x0000, 0x0000, 0x0000, 0x0000, 0x0000, 0x0000, 0x0000,
    0x0000, 0x0000, 0x0000, 0x0000, 0x0000, 0x0000, 0x0000, 0x0000, 0x0000, 0x0000, 0x0000, 0x0000, 0x0000, 0x0000, 0x0000, 0x0000,
    0x0000, 0x0000, 0x0000, 0x0000, 0x0000, 0x0000, 0x0000, 0x0000, 0x0000, 0x0000, 0x0000, 0x0000, 0x0000, 0x0000, 0x0000, 0x0000,
    0x0000, 0x0000, 0x0000, 0x0000, 0x0000, 0x0000, 0x0000, 0x0000, 0x0000, 0x0000, 0x0000, 0x0000, 0x0000, 0x0000, 0x0000, 0x0000,
    0x0020, 0x0000, 0x0000, 0x0000, 0x0000, 0x0000, 0x0000, 0x0000, 0x0000, 0x0000, 0x0000, 0x0000, 0x0000, 0x0000, 0x0000, 0x0000,
    0x0000, 0x0000, 0x0000, 0x0000, 0x0000, 0x0000, 0x0000, 0x0000, 0x0000, 0x0000, 0x0000, 0x0000, 0x0000, 0x0000, 0x0000, 0x0000,
    0x0000, 0x0000, 0x0000, 0x0000, 0x0000, 0x0000, 0x0000, 0x0000, 0x0000, 0x0000, 0x0000, 0x0000, 0x0000, 0x0000, 0x0000, 0x0000,
    0x0000, 0x0000, 0x0000, 0x0000, 0x0000, 0x0000, 0x0000, 0x0000, 0x0000, 0x0000, 0x0000, 0x0000, 0x0000, 0x0000, 0x0000, 0x0000,
    0x0020, 0x0000, 0x0000, 0x0000, 0x0000, 0x0000, 0x0000, 0x0000, 0x0000, 0x0000, 0x0000, 0x0000, 0x0000, 0x0000, 0x0000, 0x0000,
    0x0000, 0x0000, 0x0000, 0x0000, 0x0000, 0x0000, 0x0000, 0x0000, 0x0000, 0x0000, 0x0000, 0x0000, 0x0000, 0x0000, 0x0000, 0x0000,
    0x0000, 0x0000, 0x0000, 0x0000, 0x0000, 0x0000, 0x0000, 0x0000, 0x0000, 0x0000, 0x0000, 0x0000, 0x0000, 0x0000, 0x0000, 0x0000,
    0x0000, 0x0000, 0x0000, 0x0000, 0x0000, 0x0000, 0x0000, 0x0000, 0x0000, 0x0000, 0x0000, 0x0000, 0x0000, 0x0000, 0x0000, 0x0000,
    0x0020, 0x0000, 0x0000, 0x0000, 0x0000, 0x0000, 0x0000, 0x0000, 0x0000, 0x0000, 0x0000, 0x0000, 0x0000, 0x0000, 0x0000, 0x0000,
    0x0000, 0x0000, 0x0000, 0x0000, 0x0000, 0x0000, 0x0000, 0x0000, 0x0000, 0x0000, 0x0000, 0x0000, 0x0000, 0x0000, 0x0000, 0x0000,
    0x0000, 0x0000, 0x0000, 0x0000, 0x0000, 0x0000, 0x0000, 0x0000, 0x0000, 0x0000, 0x0000, 0x0000, 0x0000, 0x0000, 0x0000, 0x0000,
    0x0000, 0x0000, 0x0000, 0x0000, 0x0000, 0x0000, 0x0000, 0x0000, 0x0000, 0x0000, 0x0000, 0x0000, 0x0000, 0x0000, 0x0000, 0x0000,
    0x0020, 0x0000, 0x0000, 0x0000, 0x0000, 0x0000, 0x0000, 0x0000, 0x0000, 0x0000, 0x0000, 0x0000, 0x0000, 0x0000, 0x0000, 0x0000,
    0x0000, 0x0000, 0x0000, 0x0000, 0x0000, 0x0000, 0x0000, 0x0000, 0x0000, 0x0000, 0x0000, 0x0000, 0x0000, 0x0000, 0x0000, 0x0000,
    0x0000, 0x0000, 0x0000, 0x0000, 0x0000, 0x0000, 0x0000, 0x0000, 0x0000, 0x0000, 0x0000, 0x0000, 0x0021, 0x1040, 0x0042, 0x0000,
    0x0000, 0x0000, 0x0000, 0x0000, 0x73AE, 0x0000, 0x0000, 0x0000, 0x0000, 0x0000, 0x0000, 0x0000, 0x0000, 0x0000, 0x0000, 0x0000,
    0x0020, 0x0000, 0x0000, 0x0000, 0x0000, 0x0000, 0x0000, 0x0000, 0x0000, 0x0000, 0x0000, 0x0000, 0x0000, 0x0000, 0x0000, 0x0000,
    0x0000, 0x0000, 0x0000, 0x0000, 0x0000, 0x0000, 0x0020, 0x0000, 0x0000, 0x0020, 0x0021, 0x0021, 0x21EB, 0x21CB, 0x1107, 0x0021,
    0x0000, 0x18E4, 0x2188, 0x4AAB, 0x4B50, 0x6C12, 0x6BF2, 0x5371, 0x5BB3, 0x5372, 0x4332, 0x3A8F, 0x4B31, 0x738C, 0x196A, 0x0021,
    0x0000, 0x0000, 0x19C9, 0x3377, 0x2A55, 0x0B79, 0x0255, 0x00EC, 0x0000, 0x0000, 0x0000, 0x0000, 0x0000, 0x0000, 0x0000, 0x0000,
    0x0020, 0x0000, 0x0000, 0x0000, 0x0000, 0x0000, 0x0000, 0x0000, 0x0000, 0x0000, 0x0000, 0x0000, 0x0000, 0x0000, 0x0000, 0x0000,
    0x0000, 0x0000, 0x0000, 0x0000, 0x10C3, 0x6C32, 0xBE5B, 0x9D98, 0x94D4, 0x6BF2, 0x52ED, 0x8453, 0x8CB4, 0x7474, 0x94F5, 0x7C74,
    0x7C75, 0x7455, 0x5393, 0x73D1, 0x4B2F, 0x42AE, 0x2189, 0x08C5, 0x0042, 0x0020, 0x0000, 0x0000, 0x0000, 0x0000, 0x0000, 0x0000,
    0x0000, 0x0000, 0x4415, 0x3AF3, 0x63D4, 0x09D0, 0x00EE, 0x0000, 0x0000, 0x0000, 0x0000, 0x0000, 0x0000, 0x0000, 0x0000, 0x0000,
    0x0020, 0x0000, 0x0000, 0x0000, 0x0000, 0x0000, 0x0000, 0x0000, 0x0022, 0x0043, 0x0084, 0x00A6, 0x08C6, 0x10E7, 0x2987, 0x31E8,
    0x632D, 0x6B6E, 0x8C72, 0x8D16, 0x9537, 0x8D16, 0x8D17, 0x7C75, 0x9558, 0x73F2, 0x7C11, 0x4AEE, 0x42CF, 0x328F, 0x326D, 0x2A0D,
    0x220D, 0x1169, 0x1149, 0x1129, 0x08E7, 0x08A6, 0x0022, 0x0001, 0x0001, 0x0000, 0x0000, 0x0000, 0x0000, 0x0000, 0x0000, 0x0000,
    0x0000, 0x29C9, 0x5C78, 0x3A71, 0x01B2, 0x0170, 0x0AD3, 0x0000, 0x0000, 0x0000, 0x0000, 0x0000, 0x0000, 0x0000, 0x0000, 0x0000,
    0x0020, 0x0000, 0x1881, 0x10E6, 0x21A9, 0x21A9, 0x3A4C, 0x530E, 0x532F, 0x6BF2, 0x8474, 0x7C75, 0x84B5, 0x84B6, 0x84D6, 0x7496,
    0x7C73, 0x7C52, 0x29A9, 0x328F, 0x4B10, 0x326E, 0x4B74, 0x21AA, 0x2A2D, 0x1127, 0x0000, 0x0000, 0x0000, 0x0000, 0x0000, 0x0001,
    0x0000, 0x0000, 0x0002, 0x0022, 0x0022, 0x0023, 0x0043, 0x0023, 0x0043, 0x0000, 0x0000, 0x0000, 0x0000, 0x0000, 0x0000, 0x0000,
    0x0000, 0x6455, 0x5BDA, 0x84B9, 0x0193, 0x0AF7, 0x0AD4, 0x0000, 0x0000, 0x0000, 0x0000, 0x0000, 0x0000, 0x0000, 0x0000, 0x0000,
    0x0020, 0x08A3, 0x69E7, 0x220D, 0x3AF0, 0x326D, 0x42AE, 0x3A6C, 0x3A2B, 0x2168, 0x10E6, 0x0063, 0x0022, 0x0022, 0x0001, 0x00A5,
    0x0908, 0x0108, 0x0022, 0x0000, 0x0000, 0x5B4F, 0x9599, 0x42AC, 0x4B0D, 0x0000, 0x0000, 0x0000, 0x0000, 0x0000, 0x0000, 0x0000,
    0x0000, 0x0000, 0x0000, 0x0000, 0x0000, 0x0000, 0x0000, 0x0000, 0x0000, 0x0000, 0x0000, 0x0000, 0x0000, 0x0000, 0x0000, 0x0000,
    0x1148, 0x651C, 0x32D6, 0x7C78, 0x53B5, 0x01B6, 0x006A, 0x0000, 0x0000, 0x0000, 0x0000, 0x0000, 0x0000, 0x0000, 0x0000, 0x0000,
    0x0020, 0x0000, 0x0000, 0x0000, 0x0000, 0x0000, 0x0000, 0x0000, 0x0000, 0x0000, 0x0000, 0x0000, 0x0000, 0x0000, 0x0000, 0x0000,
    0x0000, 0x0000, 0x0000, 0x0000, 0x0000, 0x63B1, 0xADDA, 0x7495, 0x324B, 0x0000, 0x0000, 0x0000, 0x0000, 0x0000, 0x0000, 0x0000,
    0x0000, 0x0000, 0x0000, 0x0000, 0x0000, 0x0000, 0x0000, 0x0000, 0x0000, 0x0000, 0x0000, 0x0000, 0x0000, 0x0000, 0x0000, 0x0000,
    0x6475, 0x4B98, 0x3B34, 0x19F1, 0x010D, 0x0113, 0x0003, 0x0000, 0x0000, 0x0000, 0x0000, 0x0000, 0x0000, 0x0000, 0x0000, 0x0000,
    0x0020, 0x0000, 0x0000, 0x0000, 0x0000, 0x0000, 0x0000, 0x0000, 0x0000, 0x0000, 0x0000, 0x0000, 0x0000, 0x0000, 0x0000, 0x0000,
    0x0000, 0x0000, 0x0000, 0x0044, 0x12AE, 0x1BF8, 0x1215, 0x0154, 0x01B6, 0x00D4, 0x0154, 0x00D0, 0x0049, 0x0000, 0x0000, 0x0000,
    0x0000, 0x0000, 0x0000, 0x0000, 0x0000, 0x0000, 0x0000, 0x0000, 0x0000, 0x0000, 0x0000, 0x0000, 0x0000, 0x0000, 0x0000, 0x0023,
    0x5CDB, 0x0A36, 0x01B3, 0x0110, 0x0114, 0x00CF, 0x0000, 0x0000, 0x0000, 0x0000, 0x0000, 0x0000, 0x0000, 0x0000, 0x0000, 0x0000,
    0x0020, 0x0000, 0x0000, 0x0000, 0x0000, 0x0000, 0x0000, 0x0000, 0x0000, 0x0000, 0x0000, 0x0000, 0x0000, 0x0000, 0x0000, 0x0022,
    0x1271, 0x33D5, 0x1436, 0x0356, 0x02B6, 0x01D7, 0x2B58, 0x439C, 0x747C, 0x9D5C, 0x851D, 0x64BB, 0x851B, 0x5351, 0x0085, 0x1147,
    0x0000, 0x0000, 0x0000, 0x0000, 0x0000, 0x0000, 0x0000, 0x0000, 0x0000, 0x0000, 0x0000, 0x0000, 0x0000, 0x0000, 0x0000, 0x6C53,
    0x761F, 0x65BF, 0x45FF, 0x6DDF, 0x7D9E, 0x3BF5, 0x0000, 0x0000, 0x0000, 0x0000, 0x0000, 0x0000, 0x0000, 0x0000, 0x0000, 0x0000,
    0x0020, 0x0000, 0x0000, 0x0000, 0x0000, 0x0000, 0x0000, 0x0000, 0x0000, 0x0000, 0x0000, 0x0000, 0x31C8, 0x0000, 0x31E8, 0xA5DA,
    0x961F, 0x3C1E, 0x023A, 0x01F9, 0x0278, 0x02D6, 0x133A, 0x541B, 0x647D, 0x6CDC, 0x547E, 0x7DFF, 0xC71F, 0xD6FD, 0xB63C, 0x8473,
    0x3A08, 0x0000, 0x0000, 0x0000, 0x0000, 0x0000, 0x0000, 0x0000, 0x0000, 0x0000, 0x0000, 0x0000, 0x0000, 0x0000, 0x1147, 0x9E1D,
    0x2CBF, 0x0336, 0x1B54, 0x1C1A, 0x75BE, 0x657E, 0x2ACD, 0x0000, 0x0000, 0x0000, 0x0000, 0x0000, 0x0000, 0x0000, 0x0000, 0x0000,
    0x0020, 0x0000, 0x0000, 0x0000, 0x0000, 0x0000, 0x0000, 0x0000, 0x0000, 0x0000, 0x0000, 0x0000, 0x4B0E, 0x014A, 0x7CB9, 0x6CDD,
    0x6BFA, 0x8498, 0x94FA, 0x951C, 0x9D3B, 0x8D1A, 0x74FD, 0x4CBD, 0x4CBD, 0x649A, 0xA69E, 0x9DFC, 0x6D7E, 0x3CFF, 0x64FB, 0x3A6C,
    0x1905, 0x0000, 0x0000, 0x0000, 0x0000, 0x0000, 0x0000, 0x0000, 0x0000, 0x0000, 0x0000, 0x0000, 0x0000, 0x0000, 0x84D5, 0x8E1F,
    0x4C3A, 0x2A0A, 0x42AD, 0x4A8B, 0x6499, 0x9E3F, 0x7519, 0x0000, 0x0000, 0x0000, 0x0000, 0x0000, 0x0000, 0x0000, 0x0000, 0x0000,
    0x0020, 0x0000, 0x0000, 0x0000, 0x0000, 0x0000, 0x0000, 0x0000, 0x0000, 0x0000, 0x0041, 0x2AEE, 0x2B74, 0xAE5E, 0xC6DE, 0xA598,
    0xCE9A, 0xBE18, 0xA576, 0xB5D7, 0xC659, 0xF7BF, 0xEFBE, 0xD73E, 0xC6BD, 0xA61C, 0x6499, 0x3BFB, 0x237B, 0x0256, 0x014D, 0x01EF,
    0x5C13, 0x6C73, 0x7494, 0x7C94, 0x4C35, 0x7494, 0x8CB4, 0x84B4, 0x7CB4, 0x5454, 0x4C55, 0x534F, 0x6453, 0x53F3, 0xB67D, 0x653F,
    0x220D, 0x3A4B, 0x322B, 0x634E, 0x0929, 0x7D5E, 0x85FF, 0x3AEE, 0x0000, 0x0000, 0x0000, 0x0000, 0x0000, 0x0000, 0x0000, 0x0000,
    0x0020, 0x0000, 0x0000, 0x0000, 0x0000, 0x0000, 0x0000, 0x0000, 0x0000, 0x00A4, 0x4B91, 0xB5F9, 0x9536, 0xB5D8, 0x4ACD, 0x0A91,
    0x6C75, 0x3B31, 0x0B12, 0x12D0, 0x09CD, 0xBDF8, 0xC67B, 0xEFBF, 0xDF5F, 0x753F, 0x5C9C, 0x3BDA, 0x43B5, 0x0A74, 0x0A75, 0x02F9,
    0x23DA, 0x0B5A, 0x0B5A, 0x1B5A, 0x1BBB, 0x33DB, 0x2B9B, 0x237B, 0x2B7B, 0x2B9A, 0x441A, 0x547A, 0x447B, 0x449D, 0x7DBE, 0x4CDD,
    0x4B30, 0x4ACD, 0x5B4F, 0x3A4B, 0x4330, 0x34BD, 0x459F, 0x43F5, 0x00A8, 0x0089, 0x0046, 0x0024, 0x0045, 0x0023, 0x0000, 0x0000,
    0x0020, 0x0000, 0x0000, 0x0000, 0x0000, 0x0000, 0x0000, 0x0000, 0x00E6, 0x3A6D, 0xBE7B, 0x8CF7, 0x42AE, 0x8C72, 0x0065, 0x0022,
    0x128F, 0x0021, 0x0022, 0x0000, 0x0020, 0xC618, 0xCEDD, 0x759E, 0x74DE, 0x545E, 0x6CFE, 0x751C, 0x343B, 0x3C5C, 0x6DBC, 0x1C5D,
    0x6D3D, 0x6D1D, 0x653D, 0x8DDD, 0x75DE, 0x655E, 0x95FF, 0x64DD, 0x959E, 0x857D, 0x247C, 0x5D1D, 0x44DB, 0x1BFA, 0x4B98, 0x3B1B,
    0x08C8, 0x2166, 0x0862, 0x2966, 0x0084, 0x0298, 0x129A, 0x016C, 0x0024, 0x0024, 0x0023, 0x0002, 0x0023, 0x0022, 0x0000, 0x0000,
    0x0020, 0x0000, 0x0000, 0x0000, 0x0000, 0x0000, 0x0000, 0x0043, 0x11EC, 0x9D99, 0x6CF9, 0x124E, 0x84B3, 0x39C6, 0x0084, 0x0020,
    0x128F, 0x0000, 0x0000, 0x0000, 0x0000, 0x9D7A, 0x859F, 0xB69F, 0xA61E, 0x6C7B, 0x641A, 0x5C3B, 0x757E, 0x9E3E, 0x95FD, 0x3BDC,
    0xB61C, 0x7418, 0xBE7C, 0x9D7A, 0x6C19, 0x94F8, 0x7C56, 0xA537, 0xADD9, 0xAD99, 0x098E, 0x092C, 0x00A9, 0x0026, 0x00B3, 0x015E,
    0x1993, 0x4ACC, 0x4AAC, 0x52CB, 0x11F0, 0x00F8, 0x0053, 0x0000, 0x0000, 0x0000, 0x0000, 0x0000, 0x0000, 0x0000, 0x0000, 0x0000,
    0x0020, 0x0000, 0x0000, 0x0000, 0x0000, 0x0000, 0x0000, 0x01ED, 0x1AF2, 0x23B6, 0x1A2E, 0x0043, 0x94D3, 0x0020, 0x0000, 0x0063,
    0x2ACE, 0x0000, 0x0023, 0x08EC, 0x1196, 0x64BD, 0xCF1E, 0xDF5F, 0xA61F, 0x74BB, 0x6CBC, 0xB65C, 0x7CFA, 0x439A, 0x1A77, 0x00AC,
    0xC639, 0x7BF0, 0xAD97, 0x39C8, 0x52CD, 0x9CF4, 0x634E, 0xA555, 0xAD76, 0xAD96, 0x0046, 0x0047, 0x0005, 0x0002, 0x004E, 0x00F9,
    0x11FD, 0x198F, 0x4AAE, 0x118F, 0x01B7, 0x0051, 0x0003, 0x0000, 0x0000, 0x0000, 0x0000, 0x0000, 0x0000, 0x0000, 0x0000, 0x0000,
    0x0020, 0x0000, 0x0000, 0x0000, 0x0000, 0x0000, 0x01CD, 0x09ED, 0x09ED, 0x1A2D, 0x0042, 0x3A08, 0x94D3, 0x0043, 0x0043, 0x0989,
    0x22AE, 0x0A13, 0x0A9C, 0x2B7E, 0x961E, 0xBEFE, 0xCF1E, 0x9DFE, 0x74DC, 0x955A, 0x5C99, 0x4BD6, 0x1293, 0x19D0, 0x19AD, 0x0045,
    0xCE59, 0xA515, 0xA515, 0xCE59, 0x8C73, 0x9CF4, 0xC639, 0x8C72, 0x8451, 0x73AF, 0x0000, 0x0000, 0x0000, 0x0000, 0x006B, 0x0156,
    0x00B2, 0x01D8, 0x0158, 0x0174, 0x004E, 0x0004, 0x0000, 0x0022, 0x0000, 0x0000, 0x0022, 0x0002, 0x0002, 0x0000, 0x0000, 0x0000,
    0x0020, 0x0000, 0x0000, 0x0000, 0x0000, 0x0000, 0x759B, 0x0949, 0x1126, 0x08A3, 0x10C4, 0x8472, 0x4AAB, 0x0042, 0x0863, 0x13B8,
    0x039E, 0x133F, 0x6CBE, 0xAE9E, 0xBEDE, 0xC6DE, 0x95DE, 0x4C1A, 0x8CF7, 0x6C35, 0x5BB4, 0x21EE, 0x21EC, 0x320B, 0x0027, 0x0026,
    0x2129, 0x10C7, 0x0863, 0x3186, 0x6391, 0x0020, 0x4249, 0x8410, 0x0000, 0x0000, 0x0000, 0x0000, 0x0000, 0x0000, 0x0000, 0x01B6,
    0x0157, 0x0090, 0x00B2, 0x0094, 0x00D4, 0x01D2, 0x02B8, 0x0296, 0x0253, 0x01B3, 0x014F, 0x0089, 0x0047, 0x0024, 0x0002, 0x0000,
    0x0020, 0x0000, 0x0000, 0x0000, 0x0000, 0x0000, 0x853C, 0x4353, 0x4AEF, 0x1967, 0x00A5, 0x9DB8, 0x00E7, 0x012C, 0x0317, 0x23DE,
    0x7DBE, 0xC6BE, 0xE79F, 0xC6FE, 0xB69D, 0x95BD, 0x5C7A, 0x6C76, 0x5BB3, 0x11D0, 0x0047, 0x0069, 0x0025, 0x0003, 0x0024, 0x0023,
    0x0000, 0x0000, 0x0000, 0x0000, 0x73D0, 0x4208, 0x0000, 0x7BF0, 0x0020, 0x0000, 0x0000, 0x0000, 0x0000, 0x0000, 0x0000, 0x0004,
    0x021C, 0x01BD, 0x017C, 0x015B, 0x00D3, 0x0004, 0x0067, 0x0045, 0x0002, 0x0003, 0x0045, 0x0003, 0x0003, 0x0022, 0x0022, 0x0020,
    0x0020, 0x0000, 0x0000, 0x0000, 0x0000, 0x0000, 0x00CD, 0x0279, 0x092B, 0x0021, 0x01AD, 0x247E, 0x4C9D, 0x95BD, 0x959A, 0x9558,
    0xB61A, 0x9D99, 0xAE1A, 0x7CF8, 0x5C57, 0x43B7, 0x4394, 0x198C, 0x010B, 0x0046, 0x0025, 0x0003, 0x0000, 0x0000, 0x0000, 0x0000,
    0x0000, 0x0000, 0x0000, 0x0000, 0x2104, 0x31A6, 0x0000, 0x0000, 0x0000, 0x0000, 0x0000, 0x0000, 0x0000, 0x0000, 0x0000, 0x0000,
    0x012F, 0x0234, 0x008C, 0x006A, 0x0047, 0x008A, 0x0068, 0x0066, 0x0045, 0x0022, 0x0023, 0x0002, 0x0000, 0x0000, 0x0000, 0x0000,
    0x0020, 0x0000, 0x0000, 0x0000, 0x0000, 0x0000, 0x0000, 0x0A92, 0x33D9, 0x43F9, 0x3336, 0x5BD7, 0x63F7, 0x5374, 0x4B74, 0x4B74,
    0x53B4, 0x4395, 0x3357, 0x43B7, 0x1A53, 0x094A, 0x0067, 0x0024, 0x116B, 0x196A, 0x0000, 0x0000, 0x0000, 0x0000, 0x0000, 0x0000,
    0x0000, 0x0000, 0x0000, 0x0000, 0x0000, 0x0000, 0x0000, 0x0000, 0x0000, 0x0000, 0x0000, 0x0000, 0x0000, 0x0000, 0x0000, 0x0000,
    0x0000, 0x0AF5, 0x00A6, 0x00AB, 0x00AB, 0x00AB, 0x008A, 0x0068, 0x0047, 0x0024, 0x0002, 0x0000, 0x0000, 0x0000, 0x0000, 0x0000,
    0x0020, 0x0000, 0x0000, 0x0000, 0x0000, 0x0000, 0x0000, 0x0000, 0x0002, 0x00E9, 0x0A11, 0x2B15, 0x22F5, 0x1A95, 0x3A91, 0x01F1,
    0x01D0, 0x016C, 0x118D, 0x198B, 0x29CA, 0x322C, 0x3AB0, 0x42AF, 0x63B1, 0x63F4, 0x5351, 0x1926, 0x0000, 0x0000, 0x0000, 0x0000,
    0x0000, 0x0000, 0x0000, 0x0000, 0x0000, 0x0000, 0x0000, 0x0000, 0x0000, 0x0000, 0x0000, 0x0001, 0x0045, 0x0045, 0x0069, 0x00B0,
    0x0113, 0x0135, 0x00F3, 0x00D2, 0x00D3, 0x006D, 0x0048, 0x0089, 0x0068, 0x0046, 0x0001, 0x0000, 0x0002, 0x0000, 0x0000, 0x0000,
    0x0020, 0x0000, 0x0000, 0x0000, 0x0000, 0x0000, 0x0000, 0x0000, 0x0000, 0x0000, 0x08A4, 0x4B11, 0x08C5, 0x320A, 0x530E, 0x4B0F,
    0x4B0E, 0x530E, 0x3A8E, 0x42CF, 0x2A0B, 0x1927, 0x1949, 0x10E6, 0x0882, 0x9558, 0x9D79, 0x3A4A, 0x0000, 0x0000, 0x0000, 0x0000,
    0x0000, 0x0000, 0x0000, 0x0000, 0x0002, 0x0022, 0x0024, 0x0023, 0x0025, 0x0069, 0x00AB, 0x0110, 0x01D7, 0x01D6, 0x023A, 0x027C,
    0x12FC, 0x1ADD, 0x02BD, 0x025C, 0x021D, 0x01BC, 0x0179, 0x0113, 0x00F0, 0x00AD, 0x00AC, 0x0089, 0x0068, 0x0044, 0x0000, 0x0000,
    0x0020, 0x0000, 0x0000, 0x0000, 0x0000, 0x0000, 0x0000, 0x0000, 0x0000, 0x0000, 0x0000, 0x0001, 0x116A, 0x220E, 0x42AF, 0xA598,
    0x3A8E, 0x322D, 0x2A0C, 0x320B, 0x29CA, 0x320C, 0x29CA, 0x2167, 0x2124, 0x9D77, 0xB61A, 0x6BD1, 0x0041, 0x0000, 0x0000, 0x0000,
    0x0000, 0x0000, 0x0000, 0x0000, 0x0000, 0x0000, 0x0000, 0x0000, 0x0000, 0x0000, 0x0000, 0x0000, 0x0000, 0x0000, 0x0000, 0x0000,
    0x0000, 0x0000, 0x0000, 0x0000, 0x0000, 0x0000, 0x0000, 0x0000, 0x0000, 0x0000, 0x0000, 0x0000, 0x0000, 0x0000, 0x0000, 0x0000,
    0x0020, 0x0000, 0x0000, 0x0000, 0x0000, 0x0000, 0x0000, 0x0000, 0x0000, 0x0000, 0x0000, 0x0000, 0x0000, 0x0000, 0x0000, 0x3A09,
    0x6BD1, 0x94F5, 0x9CF4, 0x94F4, 0x8C93, 0x8CB4, 0x8C93, 0x8473, 0x8473, 0x6BD1, 0x7413, 0x73F2, 0x4AEE, 0x1904, 0x0000, 0x0000,
    0x0000, 0x0000, 0x0000, 0x0000, 0x0000, 0x0000, 0x0000, 0x0000, 0x0000, 0x0000, 0x0000, 0x0000, 0x0000, 0x0000, 0x0000, 0x0000,
    0x0000, 0x0000, 0x0000, 0x0000, 0x0000, 0x0000, 0x0000, 0x0000, 0x0000, 0x0000, 0x0000, 0x0000, 0x0000, 0x0000, 0x0000, 0x0000,
    0x0020, 0x0000, 0x0000, 0x0000, 0x0000, 0x0000, 0x0000, 0x0000, 0x0000, 0x0000, 0x0000, 0x0000, 0x0000, 0x0000, 0x0000, 0x0000,
    0x0000, 0x0000, 0x0000, 0x0000, 0x0000, 0x0000, 0x0000, 0x0000, 0x0000, 0x0000, 0x0000, 0x0000, 0x0000, 0x0000, 0x0000, 0x0000,
    0x0000, 0x0000, 0x0000, 0x0000, 0x0000, 0x0000, 0x0000, 0x0000, 0x0000, 0x0000, 0x0000, 0x0000, 0x0000, 0x0000, 0x0000, 0x0000,
    0x0000, 0x0000, 0x0000, 0x0000, 0x0000, 0x0000, 0x0000, 0x0000, 0x0000, 0x0000, 0x0000, 0x0000, 0x0000, 0x0000, 0x0000, 0x0000,
    0x0020, 0x0000, 0x0000, 0x0000, 0x0000, 0x0000, 0x0000, 0x0000, 0x0000, 0x0000, 0x0000, 0x0000, 0x0000, 0x0000, 0x0000, 0x0000,
    0x0000, 0x0000, 0x0000, 0x0000, 0x0000, 0x0000, 0x0000, 0x0000, 0x0000, 0x0000, 0x0000, 0x0000, 0x0000, 0x0000, 0x0000, 0x0000,
    0x0000, 0x0000, 0x0000, 0x0000, 0x0000, 0x0000, 0x0000, 0x0000, 0x0000, 0x0000, 0x0000, 0x0000, 0x0000, 0x0000, 0x0000, 0x0000,
    0x0000, 0x0000, 0x0000, 0x0000, 0x0000, 0x0000, 0x0000, 0x0000, 0x0000, 0x0000, 0x0000, 0x0000, 0x0000, 0x0000, 0x0000, 0x0000,
};

constexpr uint16_t kSpriteBell407[2048] = {
    0x0000, 0x0000, 0x0000, 0x0000, 0x0000, 0x0000, 0x0000, 0x0000, 0x0000, 0x0000, 0x0000, 0x0000, 0x0000, 0x0000, 0x0000, 0x0000,
    0x0000, 0x0000, 0x0000, 0x0000, 0x0000, 0x0000, 0x0000, 0x0000, 0x0000, 0x0000, 0x0000, 0x0000, 0x0000, 0x0000, 0x0000, 0x0000,
    0x0000, 0x0000, 0x0000, 0x0000, 0x0000, 0x0000, 0x0000, 0x0000, 0x0000, 0x0000, 0x0000, 0x0000, 0x0000, 0x0000, 0x0000, 0x0000,
    0x0000, 0x0000, 0x0000, 0x0000, 0x0000, 0x0000, 0x0000, 0x0000, 0x0000, 0x0000, 0x0000, 0x0000, 0x0000, 0x0000, 0x0000, 0x0000,
    0x0000, 0x0000, 0x0000, 0x0000, 0x0000, 0x0000, 0x0000, 0x0000, 0x0000, 0x0000, 0x0000, 0x0000, 0x0000, 0x0000, 0x0000, 0x0000,
    0x0000, 0x0000, 0x0000, 0x0000, 0x0000, 0x0000, 0x0000, 0x0000, 0x0000, 0x0000, 0x0000, 0x0000, 0x0000, 0x0000, 0x0000, 0x0000,
    0x0000, 0x0000, 0x0000, 0x0000, 0x0000, 0x0000, 0x0000, 0x0000, 0x0000, 0x0000, 0x0000, 0x0000, 0x0000, 0x0000, 0x0000, 0x0000,
    0x0000, 0x0000, 0x0000, 0x0000, 0x0000, 0x0000, 0x0000, 0x0000, 0x0000, 0x0000, 0x0000, 0x0000, 0x0000, 0x0000, 0x0000, 0x0000,
    0x0000, 0x0000, 0x0000, 0x0000, 0x0000, 0x0000, 0x0000, 0x0000, 0x0000, 0x0000, 0x0000, 0x0000, 0x0000, 0x0000, 0x0000, 0x0000,
    0x0000, 0x0000, 0x0000, 0x0000, 0x0000, 0x0000, 0x0000, 0x0000, 0x0000, 0x0000, 0x0000, 0x0000, 0x0000, 0x0000, 0x0000, 0x0000,
    0x0000, 0x0000, 0x0000, 0x0000, 0x0000, 0x0000, 0x0000, 0x0000, 0x0000, 0x0000, 0x0000, 0x0000, 0x0000, 0x0000, 0x0000, 0x0000,
    0x0000, 0x0000, 0x0000, 0x0000, 0x0000, 0x0000, 0x0000, 0x0000, 0x0000, 0x0000, 0x0000, 0x0000, 0x0000, 0x0000, 0x0000, 0x0000,
    0x0000, 0x0000, 0x0000, 0x0000, 0x0000, 0x0000, 0x0000, 0x0000, 0x0000, 0x0000, 0x0000, 0x0000, 0x0000, 0x0000, 0x0000, 0x0000,
    0x0000, 0x0000, 0x0000, 0x0000, 0x0000, 0x0000, 0x0000, 0x0000, 0x0000, 0x0000, 0x0000, 0x0000, 0x0000, 0x0000, 0x0000, 0x0000,
    0x0000, 0x0000, 0x0000, 0x0000, 0x0000, 0x0000, 0x0000, 0x0000, 0x0000, 0x0000, 0x0000, 0x0000, 0x0000, 0x0000, 0x0000, 0x0000,
    0x0000, 0x0000, 0x0000, 0x0000, 0x0000, 0x0000, 0x0000, 0x0000, 0x0000, 0x0000, 0x0000, 0x0000, 0x0000, 0x0000, 0x0000, 0x0000,
    0x0000, 0x0000, 0x0000, 0x0000, 0x0000, 0x0000, 0x0000, 0x0000, 0x0000, 0x0000, 0x0000, 0x0000, 0x0000, 0x0000, 0x0000, 0x0000,
    0x0000, 0x0000, 0x0000, 0x0000, 0x0000, 0x0000, 0x0000, 0x0000, 0x0000, 0x0000, 0x0000, 0x0000, 0x0000, 0x0000, 0x0000, 0x0000,
    0x0000, 0x0000, 0x0000, 0x0000, 0x0000, 0x0000, 0x0000, 0x0000, 0x0000, 0x0000, 0x0000, 0x0000, 0x0000, 0x0000, 0x0000, 0x0000,
    0x0000, 0x0000, 0x0000, 0x0000, 0x0000, 0x0000, 0x0000, 0x0000, 0x0000, 0x0000, 0x0000, 0x0000, 0x0000, 0x0000, 0x0000, 0x0000,
    0x0000, 0x0000, 0x0000, 0x0000, 0x0000, 0x0000, 0x0000, 0x0000, 0x0000, 0x0000, 0x0000, 0x0000, 0x0000, 0x0000, 0x0000, 0x0000,
    0x0000, 0x0000, 0x0000, 0x0000, 0x0000, 0x0000, 0x0000, 0x0000, 0x0000, 0x0000, 0x0000, 0x0000, 0x0000, 0x0000, 0x0000, 0x0000,
    0x0000, 0x0000, 0x0000, 0x0000, 0x0000, 0x0000, 0x0000, 0x0000, 0x0000, 0x0000, 0x0000, 0x0000, 0x0000, 0x0000, 0x0000, 0x0000,
    0x0000, 0x0000, 0x0000, 0x0000, 0x0000, 0x0000, 0x0000, 0x0000, 0x0000, 0x0000, 0x0000, 0x0000, 0x0000, 0x0000, 0x0000, 0x0000,
    0x0000, 0x0000, 0x0000, 0x0000, 0x0000, 0x0000, 0x0000, 0x0000, 0x0000, 0x0000, 0x0000, 0x0000, 0x0000, 0x0000, 0x0000, 0x0000,
    0x0000, 0x0000, 0x0000, 0x0000, 0x0000, 0x0000, 0x0000, 0x0000, 0x0000, 0x0000, 0x0000, 0x0000, 0x0000, 0x0000, 0x0000, 0x0000,
    0x0000, 0x0000, 0x0000, 0x0000, 0x0000, 0x0000, 0x0000, 0x0000, 0x0000, 0x0000, 0x0000, 0x0000, 0x0000, 0x0000, 0x0000, 0x0000,
    0x0000, 0x0000, 0x0000, 0x1000, 0x0000, 0x0000, 0x0000, 0x0000, 0x0000, 0x0000, 0x0000, 0x0000, 0x0000, 0x0000, 0x0000, 0x0000,
    0x0000, 0x0000, 0x0000, 0x0000, 0x0000, 0x0000, 0x0000, 0x0000, 0x0000, 0x0000, 0x0000, 0x0000, 0x0000, 0x0000, 0x0000, 0x0000,
    0x0000, 0x0000, 0x0000, 0x0000, 0x0000, 0x0000, 0x0000, 0x0000, 0x0000, 0x0000, 0x0000, 0x0000, 0x0000, 0x0000, 0x0000, 0x0000,
    0x0000, 0x0000, 0x0000, 0x0000, 0x0022, 0x0021, 0x0000, 0x0000, 0x0000, 0x0020, 0x0842, 0x322B, 0x42CE, 0x3AAD, 0x3AAE, 0x326E,
    0x2A70, 0x224E, 0x19CC, 0x8363, 0x1905, 0x0000, 0x0000, 0x0000, 0x0000, 0x0000, 0x0000, 0x0000, 0x0000, 0x0000, 0x0000, 0x0000,
    0x0000, 0x0000, 0x0000, 0x0000, 0x0000, 0x0000, 0x0000, 0x0000, 0x0000, 0x0000, 0x0000, 0x0000, 0x0000, 0x0000, 0x0000, 0x0000,
    0x0000, 0x0000, 0x0000, 0x0000, 0x0000, 0x0000, 0x0000, 0x0000, 0x0000, 0x0000, 0x0000, 0x2986, 0x5B2D, 0x2986, 0x3A4A, 0x42AC,
    0x31E9, 0x08A3, 0x1947, 0x1989, 0x4AAC, 0x73D0, 0x6BF2, 0x63F4, 0x63F4, 0x53D4, 0x4353, 0x3AAE, 0x328E, 0x29EB, 0x0884, 0x0062,
    0x0000, 0x0000, 0x0000, 0x0000, 0x0000, 0x0000, 0x0000, 0x0000, 0x4A8A, 0x0000, 0x0000, 0x0000, 0x0000, 0x0000, 0x0000, 0x0000,
    0x0000, 0x0000, 0x0000, 0x0000, 0x0000, 0x0000, 0x0000, 0x0000, 0x0000, 0x0000, 0x0000, 0x0000, 0x0000, 0x0000, 0x0000, 0x0000,
    0x0000, 0x0000, 0x0000, 0x0000, 0x0000, 0x0000, 0x0000, 0x0000, 0x0000, 0x18E4, 0x4ACE, 0x8CB4, 0x9D37, 0x8CD5, 0x9472, 0x824B,
    0xA903, 0x7C32, 0x8CF6, 0x8494, 0x63D1, 0x4AAD, 0x3209, 0x10E6, 0x0863, 0x0000, 0x0000, 0x0000, 0x0000, 0x0000, 0x0000, 0x0000,
    0x0000, 0x0000, 0x0000, 0x0000, 0x0000, 0x0000, 0x0000, 0x0800, 0x634D, 0x0000, 0x0000, 0x0000, 0x0000, 0x0000, 0x0000, 0x0000,
    0x0000, 0x0000, 0x0000, 0x0000, 0x0000, 0x0000, 0x0000, 0x0000, 0x0000, 0x0000, 0x0000, 0x0000, 0x0000, 0x0000, 0x0063, 0x0884,
    0x08C6, 0x08E7, 0x1148, 0x3A2B, 0x530F, 0x8452, 0x8CB3, 0x9A49, 0xAB6F, 0x8494, 0x8C95, 0x7434, 0x7C75, 0x63D3, 0x6330, 0x31A8,
    0x20E6, 0x4189, 0x426C, 0x628D, 0x5A8D, 0x4B0F, 0x4AF0, 0x3AD1, 0x2A2D, 0x21CD, 0x21AB, 0x114A, 0x1129, 0x10E7, 0x00A6, 0x0085,
    0x0022, 0x0021, 0x0000, 0x0000, 0x0000, 0x0000, 0x0000, 0xA840, 0xE8E3, 0x3800, 0x0000, 0x0000, 0x0000, 0x0000, 0x0000, 0x0000,
    0x0000, 0x0000, 0x0000, 0x0000, 0x0000, 0x0000, 0x0000, 0x0000, 0x0000, 0x0000, 0x0000, 0x0064, 0x2189, 0x4AED, 0x6BD0, 0x6BF1,
    0x6C13, 0x7413, 0x7C53, 0x94D4, 0x6C13, 0x5B4F, 0x42AD, 0x18E5, 0x1842, 0x1149, 0x2A4F, 0x21AB, 0x63D3, 0x3A4B, 0x1905, 0x0000,
    0x0000, 0x0821, 0x0000, 0x0000, 0x0000, 0x0020, 0x0063, 0x0084, 0x0884, 0x0084, 0x0884, 0x0885, 0x0084, 0x0042, 0x0042, 0x0022,
    0x0001, 0x0000, 0x0000, 0x0000, 0x0000, 0x0000, 0x0000, 0xDC91, 0xE4F3, 0x1000, 0x0000, 0x0000, 0x0000, 0x0000, 0x0000, 0x0000,
    0x0000, 0x0000, 0x0000, 0x0000, 0x0041, 0x6224, 0x7B29, 0x3AD0, 0x4B31, 0x5370, 0x5B91, 0x5B91, 0x4B30, 0x42CE, 0x428C, 0x31E9,
    0x1928, 0x196A, 0x21CC, 0x21CB, 0x1969, 0x1106, 0x0063, 0x0000, 0x0000, 0x0000, 0x2A0C, 0x3A4C, 0x8495, 0x5B70, 0x2145, 0x0000,
    0x0000, 0x0000, 0x0000, 0x0000, 0x0000, 0x0000, 0x0000, 0x0000, 0x0000, 0x0000, 0x0000, 0x0000, 0x0000, 0x0000, 0x0000, 0x0000,
    0x0000, 0x0000, 0x0000, 0x0000, 0x0000, 0x0000, 0x6227, 0xF4B0, 0xC309, 0x1800, 0x2000, 0x0000, 0x0000, 0x0000, 0x0000, 0x0000,
    0x0000, 0x0000, 0x0000, 0x0000, 0x0000, 0x0820, 0x1040, 0x0000, 0x0000, 0x0000, 0x0000, 0x0000, 0x0000, 0x0000, 0x0000, 0x0021,
    0x0000, 0x0000, 0x0000, 0x0000, 0x0000, 0x0000, 0x0000, 0x0000, 0x0000, 0x0000, 0x21A9, 0x6BB1, 0x84D5, 0x5B90, 0x0000, 0x2924,
    0x0000, 0x0000, 0x0000, 0x0000, 0x0000, 0x0000, 0x0000, 0x0000, 0x0000, 0x0000, 0x0000, 0x0000, 0x0000, 0x0000, 0x0000, 0x0000,
    0x0000, 0x0000, 0x0000, 0x0000, 0x0000, 0x0000, 0xB36D, 0xF554, 0x934D, 0x0000, 0x3925, 0x38A0, 0x0000, 0x0000, 0x0000, 0x0000,
    0x0000, 0x0000, 0x0000, 0x0000, 0x0000, 0x0000, 0x0000, 0x0000, 0x0000, 0x0000, 0x0000, 0x0000, 0x0000, 0x0000, 0x0000, 0x0000,
    0x0000, 0x0000, 0x0000, 0x0000, 0x0000, 0x0000, 0x5B0C, 0x0000, 0x0000, 0x5840, 0xB184, 0xA841, 0xB105, 0xC020, 0xC103, 0xD288,
    0xB8C1, 0x5040, 0x0000, 0x0000, 0x0000, 0x0000, 0x0000, 0x0000, 0x0000, 0x0000, 0x0000, 0x0000, 0x0000, 0x0000, 0x0000, 0x0000,
    0x0000, 0x0000, 0x0000, 0x0000, 0x0000, 0x2104, 0xE534, 0xF5B6, 0x522B, 0x0862, 0x2168, 0x10A3, 0x0000, 0x0000, 0x0000, 0x0000,
    0x0000, 0x0000, 0x0000, 0x0000, 0x0000, 0x0000, 0x0000, 0x0000, 0x0000, 0x0000, 0x0000, 0x0000, 0x0000, 0x0000, 0x0000, 0x0000,
    0x0000, 0x0000, 0x0000, 0x0000, 0x0000, 0x0000, 0x52EC, 0x0000, 0x1000, 0x5020, 0xE2CA, 0x9820, 0x9000, 0xD820, 0xE040, 0xC040,
    0xE2EB, 0xE122, 0xB060, 0xA020, 0x5000, 0x0000, 0x0000, 0x0000, 0x0000, 0x0000, 0x0000, 0x0000, 0x0000, 0x0000, 0x0000, 0x0000,
    0x0000, 0x31C8, 0x0000, 0x0800, 0x0000, 0x72CA, 0xF534, 0xD471, 0x114A, 0x0883, 0x1906, 0x10A4, 0x0000, 0x0000, 0x0000, 0x0000,
    0x0000, 0x0000, 0x0000, 0x0000, 0x0000, 0x0000, 0x0000, 0x0000, 0x0000, 0x0000, 0x0000, 0x0000, 0x0000, 0x0000, 0x0000, 0x0000,
    0x0000, 0x0000, 0x0000, 0x0000, 0x0000, 0x80E1, 0xD34C, 0xDB8C, 0xDB2B, 0xD983, 0xF1C3, 0xD1E4, 0xA922, 0x99E9, 0xF410, 0xD3AE,
    0xDA89, 0xE2A8, 0x9AA9, 0xF205, 0xF2E8, 0xA2AB, 0x636F, 0x0000, 0x0000, 0x0000, 0x0000, 0x0000, 0x0000, 0x2800, 0xC060, 0x7800,
    0x0000, 0x1946, 0x90E0, 0xD1A1, 0x2800, 0xB2EC, 0xE5D7, 0x9C30, 0x08A5, 0x10A4, 0x10A4, 0x10A4, 0x0041, 0x0000, 0x0000, 0x0000,
    0x0000, 0x0000, 0x0000, 0x0000, 0x0000, 0x0000, 0x0000, 0x0000, 0x0000, 0x0000, 0x0000, 0x0000, 0x0000, 0x0000, 0x0000, 0x0000,
    0x0000, 0x31A6, 0x73CF, 0x0000, 0x5820, 0xDB29, 0xF2CA, 0xE061, 0xE000, 0xE820, 0xE800, 0xD880, 0xD820, 0xB000, 0xB984, 0xB903,
    0xB0C2, 0x9820, 0xA061, 0xB081, 0xB841, 0x7082, 0x61A8, 0x9164, 0x9985, 0xA248, 0xA268, 0xAAA9, 0xAAA9, 0xB2C9, 0xCAC9, 0xB268,
    0xB288, 0xB247, 0xE0E1, 0xE491, 0xC0C2, 0xEA49, 0xF3CE, 0xD104, 0xA925, 0x78C3, 0x28A3, 0x4926, 0x5041, 0x0000, 0x0000, 0x0000,
    0x0000, 0x0000, 0x0000, 0x0000, 0x0000, 0x0000, 0x0000, 0x0000, 0x0000, 0x0000, 0x0000, 0x0000, 0x0000, 0x0000, 0x0000, 0x0000,
    0x0000, 0x0000, 0xAD55, 0x9471, 0xD472, 0xF4D4, 0xDCD5, 0xE516, 0xED36, 0xE5D8, 0xE557, 0xE597, 0xED56, 0xF4B2, 0xF4D2, 0xF513,
    0xE450, 0xE490, 0xDC0F, 0xCC51, 0xD3F0, 0xD410, 0xDBAE, 0xF2C9, 0xF2A9, 0xEB8E, 0xE38E, 0xE38E, 0xE410, 0xF430, 0xF430, 0xEC0F,
    0xE410, 0xE3EF, 0xECD2, 0xEC93, 0xE5B8, 0xE5F9, 0xCCF6, 0xBC73, 0xC472, 0x932D, 0x38E5, 0x5167, 0x6020, 0x0000, 0x0000, 0x0000,
    0x0000, 0x0000, 0x0000, 0x0000, 0x0000, 0x0000, 0x0000, 0x0000, 0x0000, 0x0000, 0x0000, 0x0000, 0x0000, 0x0000, 0x0000, 0x0000,
    0x3A4B, 0x5BD1, 0x7496, 0x9557, 0xDEDC, 0xCE7A, 0xAD77, 0xDEFC, 0xD6BB, 0xBE19, 0xDEDC, 0xB5B7, 0xBDD8, 0xD65A, 0xEE7B, 0xDE5B,
    0xD61A, 0xD5B9, 0xCDD8, 0xCE19, 0xD65A, 0xE69B, 0xCE7B, 0xDE9B, 0xE6FC, 0xF77D, 0xF73C, 0xF73C, 0xF71B, 0xEEBA, 0xDE7A, 0xCE39,
    0xBDD8, 0x94B4, 0xD4D3, 0x9B90, 0x39AA, 0x3928, 0x5106, 0x4063, 0x2105, 0x18E5, 0x0883, 0x1041, 0x2020, 0x0000, 0x0000, 0x0000,
    0x0000, 0x0000, 0x0000, 0x0000, 0x0000, 0x0000, 0x0000, 0x0000, 0x0000, 0x0000, 0x0000, 0x0000, 0x0000, 0x0000, 0x0000, 0x3A6B,
    0x5391, 0xAE5C, 0xA5B9, 0x2B54, 0xBDF8, 0x63F1, 0x6413, 0x9D56, 0xA577, 0x53B4, 0xA5B8, 0x6C33, 0x6433, 0xADD8, 0xDF3E, 0xE75E,
    0xD6FD, 0xD6FD, 0xCC93, 0xC4B4, 0xCD15, 0xC515, 0xABF1, 0xBBB0, 0xB28C, 0x89C8, 0x8988, 0x7928, 0x5127, 0x5085, 0x4065, 0x1822,
    0x0821, 0x2000, 0xEA88, 0xC881, 0x0020, 0x5000, 0xD229, 0xCC92, 0x2147, 0x10A4, 0x1969, 0x2126, 0x0020, 0x0000, 0x0000, 0x0000,
    0x0000, 0x0000, 0x0000, 0x0000, 0x0000, 0x0000, 0x0000, 0x0000, 0x0000, 0x0000, 0x0000, 0x0000, 0x0000, 0x0000, 0x21A8, 0x5370,
    0x6D39, 0x5437, 0x43B3, 0x2A4D, 0xBE19, 0x33D5, 0x4311, 0x9D14, 0x94F5, 0x3B32, 0x9516, 0x5394, 0x42F1, 0xA556, 0xD6FD, 0xCEBD,
    0xC6BD, 0xD6DD, 0xC537, 0xABF1, 0x93B0, 0x934F, 0x5926, 0x3864, 0x1084, 0x0842, 0x0063, 0x0000, 0x0000, 0x5800, 0x7801, 0x2800,
    0x0000, 0x0000, 0xC1E6, 0xE964, 0x2000, 0x0800, 0xCA6A, 0xF5D6, 0x5A4A, 0x0020, 0x1926, 0x4167, 0x0021, 0x0021, 0x0000, 0x0000,
    0x0000, 0x0000, 0x0000, 0x0000, 0x0000, 0x0000, 0x0000, 0x0000, 0x0000, 0x0000, 0x0000, 0x0000, 0x0000, 0x0000, 0x4B50, 0x22D0,
    0x1A8F, 0x4393, 0x0A0F, 0x6B6E, 0xA534, 0x00C7, 0x00C6, 0xA514, 0x5AEC, 0x10E6, 0x7C73, 0x0064, 0x0063, 0xAD97, 0xC69D, 0xC69D,
    0xCEBE, 0xC4F6, 0xBD78, 0xCCF4, 0x4822, 0x5800, 0x0800, 0x0000, 0x0000, 0x0000, 0x0000, 0x0000, 0x0000, 0x2000, 0x7800, 0x5000,
    0x0000, 0x0000, 0x6000, 0x8000, 0x1000, 0x0000, 0xA040, 0xFDD7, 0x9BAF, 0x0000, 0x3906, 0x30C3, 0x0000, 0x0000, 0x0000, 0x0000,
    0x0000, 0x0000, 0x0000, 0x0000, 0x0000, 0x0000, 0x0000, 0x0000, 0x0000, 0x0000, 0x0000, 0x0000, 0x3903, 0x9B0C, 0xC514, 0xACF4,
    0x4ACD, 0x0949, 0x08C6, 0xB596, 0x634E, 0x00A6, 0x0021, 0xB5D8, 0x1905, 0x4B0E, 0x7453, 0x0084, 0x0062, 0xC65A, 0xD6FE, 0xDF5E,
    0xBDBA, 0xB4B5, 0xB472, 0xA472, 0x7820, 0x4800, 0x0000, 0x0000, 0x0000, 0x0000, 0x0000, 0x0000, 0x0000, 0x0000, 0x0000, 0x0000,
    0x0000, 0x0000, 0x0000, 0x0000, 0x0000, 0x0000, 0x58C1, 0xF491, 0xBD55, 0x0020, 0x30C3, 0x0800, 0x0000, 0x0000, 0x0000, 0x0000,
    0x0000, 0x0000, 0x0000, 0x0000, 0x0000, 0x0000, 0x0000, 0x0000, 0x0000, 0x0000, 0x0000, 0x4000, 0xC944, 0xE1A5, 0xE1A7, 0xF6BB,
    0xEF5D, 0x8451, 0x6B6E, 0xD6DC, 0x9CF4, 0x8C51, 0x9492, 0xD6FD, 0x73D0, 0xA597, 0xD6DC, 0xD6DB, 0xCE9B, 0xCEFE, 0xC6BD, 0xB5D9,
    0xC536, 0x9BD0, 0xB4F4, 0x81A7, 0x8820, 0x2000, 0x0000, 0x0000, 0x0000, 0x0000, 0x0000, 0x0000, 0x0000, 0x0000, 0x0000, 0x0000,
    0x0000, 0x0000, 0x0000, 0x0000, 0x0000, 0x0000, 0x0000, 0xCA8A, 0xE554, 0x1020, 0x0000, 0x0000, 0x0000, 0x0000, 0x0000, 0x0000,
    0x0000, 0x0000, 0x0000, 0x0000, 0x0000, 0x0000, 0x0000, 0x0000, 0x0000, 0x0000, 0x0000, 0xA8C2, 0xECB2, 0xF4B1, 0xF658, 0xEF1C,
    0xEF1D, 0xDDB8, 0xC535, 0xCCD3, 0xE575, 0xD555, 0xE575, 0xA473, 0xCCF3, 0xCD55, 0xD555, 0xD555, 0xC4F4, 0xCCB3, 0xB3F1, 0xB452,
    0xAC73, 0xAC53, 0xAC72, 0x91EB, 0x3929, 0x61AB, 0x3290, 0x42AF, 0x3AD1, 0x31ED, 0x324E, 0x324E, 0x21AC, 0x198B, 0x194A, 0x196A,
    0x1949, 0x1108, 0x08E7, 0x08A5, 0x08C6, 0x08A5, 0x08A4, 0x4842, 0x6A0A, 0x530D, 0x0021, 0x0043, 0x0022, 0x0000, 0x0000, 0x0000,
    0x0000, 0x0000, 0x0000, 0x0000, 0x0000, 0x0000, 0x0000, 0x0000, 0x0000, 0x0000, 0x0000, 0x2800, 0x7023, 0x40A7, 0x5A4B, 0x5AED,
    0xBBAE, 0xEBAF, 0xEBEF, 0xEBEF, 0xEBEF, 0xE3CF, 0xDB8E, 0xD30D, 0xE3CF, 0xDBAF, 0xCBAF, 0xC38F, 0xBBAF, 0xB30D, 0xA2ED, 0xA2AB,
    0x7146, 0x6862, 0x4841, 0x2041, 0x0000, 0x0000, 0x0000, 0x0000, 0x0021, 0x0000, 0x0001, 0x0000, 0x0021, 0x0021, 0x0021, 0x0001,
    0x0001, 0x0000, 0x0000, 0x0000, 0x0000, 0x0000, 0x0000, 0x0000, 0x0020, 0x2167, 0x0000, 0x0000, 0x0000, 0x0000, 0x0000, 0x0000,
    0x0000, 0x0000, 0x0000, 0x0000, 0x0000, 0x0000, 0x0000, 0x0000, 0x0000, 0x0000, 0x6B6E, 0x2A0B, 0x2168, 0x2065, 0x2085, 0x10E8,
    0x48A5, 0x5002, 0x5001, 0x5002, 0x4822, 0x5167, 0x5AAD, 0x4083, 0x40A4, 0x40A4, 0x3883, 0x3800, 0x3000, 0x3001, 0x5AEE, 0x5ACC,
    0x1800, 0x0000, 0x0000, 0x0000, 0x0000, 0x0000, 0x0000, 0x0000, 0x0000, 0x0000, 0x0000, 0x0000, 0x0000, 0x0000, 0x0000, 0x0000,
    0x0000, 0x0000, 0x0000, 0x0000, 0x0000, 0x0000, 0x0000, 0x0000, 0x0000, 0x0000, 0x0000, 0x0000, 0x0000, 0x0000, 0x0000, 0x0000,
    0x0000, 0x0000, 0x0000, 0x0000, 0x0000, 0x0000, 0x0000, 0x0000, 0x0000, 0x0000, 0x0000, 0x428B, 0x0000, 0x0000, 0x0000, 0x0000,
    0x0000, 0x0000, 0x0020, 0x326E, 0x1948, 0x1947, 0xB5D8, 0x636F, 0x530F, 0x52EE, 0x42AE, 0x42AE, 0x3A8E, 0x3A8D, 0x3A6C, 0x9D35,
    0x0862, 0x0000, 0x0000, 0x0000, 0x0000, 0x0000, 0x0000, 0x0000, 0x0000, 0x0000, 0x0000, 0x0000, 0x0000, 0x0000, 0x0000, 0x0000,
    0x0000, 0x0000, 0x0000, 0x0000, 0x0000, 0x0000, 0x0000, 0x0000, 0x0000, 0x0000, 0x0000, 0x0000, 0x0000, 0x0000, 0x0000, 0x0000,
    0x0000, 0x0000, 0x0000, 0x0000, 0x0000, 0x0000, 0x0000, 0x0000, 0x0000, 0x0000, 0x0000, 0x0000, 0x0000, 0x0000, 0x0000, 0x6B8F,
    0x29EB, 0x320C, 0x2A4E, 0x7433, 0x29C9, 0x29C9, 0xA535, 0x29EA, 0x2A0B, 0x3A0B, 0x424B, 0x424B, 0x424A, 0x39E8, 0x3A08, 0x9CF4,
    0x4A49, 0x3186, 0x2104, 0x0000, 0x0000, 0x0000, 0x0000, 0x0000, 0x0000, 0x0000, 0x0000, 0x0000, 0x0000, 0x0000, 0x0000, 0x0000,
    0x0000, 0x0000, 0x0000, 0x0000, 0x0000, 0x0000, 0x0000, 0x0000, 0x0000, 0x0000, 0x0000, 0x0000, 0x0000, 0x0000, 0x0000, 0x0000,
    0x0000, 0x0000, 0x0000, 0x0000, 0x0000, 0x0000, 0x0000, 0x0000, 0x0000, 0x0000, 0x0000, 0x0000, 0x0000, 0x0000, 0x0000, 0x424A,
    0x6C14, 0x7455, 0x63F4, 0x7434, 0xB5F8, 0xBE19, 0xB5F9, 0xB5D8, 0xBDF8, 0xC639, 0xB5F8, 0x9D36, 0x9D35, 0x9D15, 0x9515, 0x8CF5,
    0x6390, 0x5B0C, 0x2986, 0x0000, 0x0000, 0x0000, 0x0000, 0x0000, 0x0000, 0x0000, 0x0000, 0x0000, 0x0000, 0x0000, 0x0000, 0x0000,
    0x0000, 0x0000, 0x0000, 0x0000, 0x0000, 0x0000, 0x0000, 0x0000, 0x0000, 0x0000, 0x0000, 0x0000, 0x0000, 0x0000, 0x0000, 0x0000,
    0x0000, 0x0000, 0x0000, 0x0000, 0x0000, 0x0000, 0x0000, 0x0000, 0x0000, 0x0000, 0x0000, 0x0000, 0x0000, 0x0000, 0x0000, 0x0000,
    0x0000, 0x0000, 0x0000, 0x0000, 0x0000, 0x0000, 0x0000, 0x0000, 0x0000, 0x0000, 0x0000, 0x0000, 0x0000, 0x0000, 0x0000, 0x0000,
    0x0000, 0x0000, 0x0000, 0x0000, 0x0000, 0x0000, 0x0000, 0x0000, 0x0000, 0x0000, 0x0000, 0x0000, 0x0000, 0x0000, 0x0000, 0x0000,
    0x0000, 0x0000, 0x0000, 0x0000, 0x0000, 0x0000, 0x0000, 0x0000, 0x0000, 0x0000, 0x0000, 0x0000, 0x0000, 0x0000, 0x0000, 0x0000,
};

constexpr AircraftSprite kAircraft[] = {
    {kSpriteJet, 64, 32},
    {kSpriteCessna172, 64, 32},
    {kSpritePiperCub, 64, 32},
    {kSpriteP51Mustang, 64, 32},
    {kSpriteLearjet45, 64, 32},
    {kSpriteDh8d, 64, 32},
    {kSpriteBoeing777, 64, 32},
    {kSpriteBoeing747, 64, 32},
    {kSpriteEc130, 64, 32},
    {kSpriteBell407, 64, 32},
};

constexpr uint8_t kAircraftCount =
    static_cast<uint8_t>(sizeof(kAircraft) / sizeof(kAircraft[0]));

}  // namespace card
